hydrologic_region,date,stations,precip,pct_hist_avg,pct_hist_avg_year
NORTH COAST,2007-01-01,18,17,23.2,44.0
SAN FRANCISCO BAY,2007-01-01,6,6,12.8,35.0
CENTRAL COAST,2007-01-01,10,8,29.5,27.0
SOUTH COAST,2007-01-01,12,12,23.9,13.0
SACRAMENTO RIVER,2007-01-01,37,37,10.8,30.0
SAN JOAQUIN RIVER,2007-01-01,24,24,24.3,27.0
TULARE LAKE,2007-01-01,29,28,22.1,20.0
NORTH LAHONTAN,2007-01-01,13,12,23.3,21.0
SOUTH LAHONTAN,2007-01-01,15,10,15.6,15.0
COLORADO RIVER,2007-01-01,6,6,7.5,4.0
NORTH COAST,2007-02-01,18,18,151.4,66.0
SAN FRANCISCO BAY,2007-02-01,6,6,144.7,60.0
CENTRAL COAST,2007-02-01,10,8,93.7,45.0
SOUTH COAST,2007-02-01,12,12,46.2,22.0
SACRAMENTO RIVER,2007-02-01,37,36,150.5,54.0
SAN JOAQUIN RIVER,2007-02-01,24,24,137.4,50.0
TULARE LAKE,2007-02-01,29,29,99.4,37.0
NORTH LAHONTAN,2007-02-01,13,11,141.0,41.0
SOUTH LAHONTAN,2007-02-01,15,10,31.0,21.0
COLORADO RIVER,2007-02-01,6,5,4.1,3.0
NORTH COAST,2007-03-01,18,18,29.2,70.0
SAN FRANCISCO BAY,2007-03-01,6,6,14.0,62.0
CENTRAL COAST,2007-03-01,10,8,10.4,46.0
SOUTH COAST,2007-03-01,12,11,10.3,24.0
SACRAMENTO RIVER,2007-03-01,37,35,20.5,57.0
SAN JOAQUIN RIVER,2007-03-01,24,24,26.9,54.0
TULARE LAKE,2007-03-01,29,29,43.9,44.0
NORTH LAHONTAN,2007-03-01,13,12,26.7,44.0
SOUTH LAHONTAN,2007-03-01,15,10,12.8,22.0
COLORADO RIVER,2007-03-01,6,5,42.4,7.0
NORTH COAST,2007-04-01,18,18,95.7,77.0
SAN FRANCISCO BAY,2007-04-01,6,6,80.7,67.0
CENTRAL COAST,2007-04-01,10,7,54.3,48.0
SOUTH COAST,2007-04-01,12,11,46.8,28.0
SACRAMENTO RIVER,2007-04-01,37,35,83.3,63.0
SAN JOAQUIN RIVER,2007-04-01,24,24,66.5,60.0
TULARE LAKE,2007-04-01,29,29,60.0,50.0
NORTH LAHONTAN,2007-04-01,13,12,113.0,51.0
SOUTH LAHONTAN,2007-04-01,15,10,86.9,27.0
COLORADO RIVER,2007-04-01,6,5,84.1,9.0
NORTH COAST,2007-05-01,18,13,60.6,80.0
SAN FRANCISCO BAY,2007-05-01,6,6,82.7,69.0
CENTRAL COAST,2007-05-01,10,7,19.6,49.0
SOUTH COAST,2007-05-01,12,11,0.0,28.0
SACRAMENTO RIVER,2007-05-01,37,35,63.9,66.0
SAN JOAQUIN RIVER,2007-05-01,24,24,47.4,62.0
TULARE LAKE,2007-05-01,29,29,15.9,51.0
NORTH LAHONTAN,2007-05-01,13,12,27.2,52.0
SOUTH LAHONTAN,2007-05-01,15,9,262.5,35.0
COLORADO RIVER,2007-05-01,6,5,0.0,9.0
NORTH COAST,2007-06-01,18,14,41.4,80.0
SAN FRANCISCO BAY,2007-06-01,6,6,4.2,69.0
CENTRAL COAST,2007-06-01,10,7,0.0,49.0
SOUTH COAST,2007-06-01,12,12,0.0,28.0
SACRAMENTO RIVER,2007-06-01,37,34,51.2,67.0
SAN JOAQUIN RIVER,2007-06-01,24,23,13.3,62.0
TULARE LAKE,2007-06-01,29,29,3.0,51.0
NORTH LAHONTAN,2007-06-01,13,12,28.6,53.0
SOUTH LAHONTAN,2007-06-01,15,9,0.2,35.0
COLORADO RIVER,2007-06-01,6,4,0.0,9.0
NORTH COAST,2007-07-01,18,15,425.3,82.0
SAN FRANCISCO BAY,2007-07-01,6,6,85.4,69.0
CENTRAL COAST,2007-07-01,10,8,0.0,49.0
SOUTH COAST,2007-07-01,12,10,27.7,27.0
SACRAMENTO RIVER,2007-07-01,37,34,258.5,67.0
SAN JOAQUIN RIVER,2007-07-01,24,24,22.3,62.0
TULARE LAKE,2007-07-01,29,29,13.3,51.0
NORTH LAHONTAN,2007-07-01,13,12,16.8,54.0
SOUTH LAHONTAN,2007-07-01,15,9,3.7,35.0
COLORADO RIVER,2007-07-01,6,4,0.8,9.0
NORTH COAST,2007-08-01,18,13,18.9,82.0
SAN FRANCISCO BAY,2007-08-01,6,6,0.0,69.0
CENTRAL COAST,2007-08-01,10,8,25.9,49.0
SOUTH COAST,2007-08-01,12,11,17.5,27.0
SACRAMENTO RIVER,2007-08-01,37,33,9.4,67.0
SAN JOAQUIN RIVER,2007-08-01,24,22,110.1,63.0
TULARE LAKE,2007-08-01,29,28,50.7,50.0
NORTH LAHONTAN,2007-08-01,13,11,95.4,57.0
SOUTH LAHONTAN,2007-08-01,15,9,68.4,36.0
COLORADO RIVER,2007-08-01,6,5,37.4,15.0
NORTH COAST,2007-09-01,18,14,30.4,83.0
SAN FRANCISCO BAY,2007-09-01,6,6,103.0,70.0
CENTRAL COAST,2007-09-01,10,8,135.1,51.0
SOUTH COAST,2007-09-01,12,11,158.6,30.0
SACRAMENTO RIVER,2007-09-01,37,35,121.8,69.0
SAN JOAQUIN RIVER,2007-09-01,24,20,88.5,64.0
TULARE LAKE,2007-09-01,29,27,150.9,51.0
NORTH LAHONTAN,2007-09-01,13,10,121.3,63.0
SOUTH LAHONTAN,2007-09-01,15,9,226.7,48.0
COLORADO RIVER,2007-09-01,6,4,68.7,23.0
NORTH COAST,2007-10-01,18,17,185.2,12.0
SAN FRANCISCO BAY,2007-10-01,6,6,151.6,8.0
CENTRAL COAST,2007-10-01,10,9,101.0,4.0
SOUTH COAST,2007-10-01,12,11,88.4,3.0
SACRAMENTO RIVER,2007-10-01,37,37,119.7,7.0
SAN JOAQUIN RIVER,2007-10-01,24,24,90.3,4.0
TULARE LAKE,2007-10-01,29,29,69.2,3.0
NORTH LAHONTAN,2007-10-01,13,13,89.4,6.0
SOUTH LAHONTAN,2007-10-01,15,12,6.1,0.0
COLORADO RIVER,2007-10-01,6,6,0.0,0.0
NORTH COAST,2007-11-01,18,16,39.0,18.0
SAN FRANCISCO BAY,2007-11-01,6,6,30.5,12.0
CENTRAL COAST,2007-11-01,10,9,16.4,6.0
SOUTH COAST,2007-11-01,12,11,47.5,7.0
SACRAMENTO RIVER,2007-11-01,37,36,24.1,10.0
SAN JOAQUIN RIVER,2007-11-01,24,24,20.7,7.0
TULARE LAKE,2007-11-01,29,29,11.8,4.0
NORTH LAHONTAN,2007-11-01,13,12,32.3,10.0
SOUTH LAHONTAN,2007-11-01,15,10,46.8,6.0
COLORADO RIVER,2007-11-01,6,6,376.3,25.0
NORTH COAST,2007-12-01,18,16,97.5,36.0
SAN FRANCISCO BAY,2007-12-01,6,6,74.7,26.0
CENTRAL COAST,2007-12-01,10,9,67.0,18.0
SOUTH COAST,2007-12-01,12,11,72.9,19.0
SACRAMENTO RIVER,2007-12-01,37,37,90.3,26.0
SAN JOAQUIN RIVER,2007-12-01,24,23,82.2,21.0
TULARE LAKE,2007-12-01,29,29,93.5,20.0
NORTH LAHONTAN,2007-12-01,13,11,60.8,19.0
SOUTH LAHONTAN,2007-12-01,15,10,80.9,17.0
COLORADO RIVER,2007-12-01,6,6,90.2,35.0
NORTH COAST,2008-01-01,18,17,149.4,65.0
SAN FRANCISCO BAY,2008-01-01,6,6,184.9,65.0
CENTRAL COAST,2008-01-01,10,9,240.2,69.0
SOUTH COAST,2008-01-01,12,12,187.1,55.0
SACRAMENTO RIVER,2008-01-01,37,36,146.1,54.0
SAN JOAQUIN RIVER,2008-01-01,24,24,165.5,52.0
TULARE LAKE,2008-01-01,29,29,130.2,45.0
NORTH LAHONTAN,2008-01-01,13,11,155.5,47.0
SOUTH LAHONTAN,2008-01-01,15,9,250.9,64.0
COLORADO RIVER,2008-01-01,6,6,184.5,62.0
NORTH COAST,2008-02-01,18,17,66.9,75.0
SAN FRANCISCO BAY,2008-02-01,6,6,86.7,80.0
CENTRAL COAST,2008-02-01,10,9,76.1,83.0
SOUTH COAST,2008-02-01,12,10,66.7,69.0
SACRAMENTO RIVER,2008-02-01,37,35,80.2,67.0
SAN JOAQUIN RIVER,2008-02-01,24,24,99.2,68.0
TULARE LAKE,2008-02-01,29,28,135.3,69.0
NORTH LAHONTAN,2008-02-01,13,11,99.7,61.0
SOUTH LAHONTAN,2008-02-01,15,10,30.6,71.0
COLORADO RIVER,2008-02-01,6,6,25.7,65.0
NORTH COAST,2008-03-01,18,14,44.1,80.0
SAN FRANCISCO BAY,2008-03-01,6,6,13.4,82.0
CENTRAL COAST,2008-03-01,10,9,7.1,84.0
SOUTH COAST,2008-03-01,12,10,5.4,70.0
SACRAMENTO RIVER,2008-03-01,37,36,19.0,70.0
SAN JOAQUIN RIVER,2008-03-01,24,24,10.6,70.0
TULARE LAKE,2008-03-01,29,29,9.9,70.0
NORTH LAHONTAN,2008-03-01,13,11,32.2,64.0
SOUTH LAHONTAN,2008-03-01,15,10,0.8,71.0
COLORADO RIVER,2008-03-01,6,6,0.8,65.0
NORTH COAST,2008-04-01,18,15,44.5,84.0
SAN FRANCISCO BAY,2008-04-01,6,6,8.4,82.0
CENTRAL COAST,2008-04-01,10,9,13.6,85.0
SOUTH COAST,2008-04-01,12,10,2.6,70.0
SACRAMENTO RIVER,2008-04-01,37,37,12.7,71.0
SAN JOAQUIN RIVER,2008-04-01,24,23,5.0,70.0
TULARE LAKE,2008-04-01,29,29,2.9,71.0
NORTH LAHONTAN,2008-04-01,13,11,17.5,66.0
SOUTH LAHONTAN,2008-04-01,15,10,0.3,71.0
COLORADO RIVER,2008-04-01,6,6,0.0,65.0
NORTH COAST,2008-05-01,18,15,48.6,85.0
SAN FRANCISCO BAY,2008-05-01,6,6,8.2,83.0
CENTRAL COAST,2008-05-01,10,9,24.1,85.0
SOUTH COAST,2008-05-01,12,10,142.6,72.0
SACRAMENTO RIVER,2008-05-01,37,37,47.6,73.0
SAN JOAQUIN RIVER,2008-05-01,24,23,78.2,73.0
TULARE LAKE,2008-05-01,29,29,90.1,73.0
NORTH LAHONTAN,2008-05-01,13,10,145.3,76.0
SOUTH LAHONTAN,2008-05-01,15,10,73.8,73.0
COLORADO RIVER,2008-05-01,6,6,168.1,66.0
NORTH COAST,2008-06-01,18,15,28.2,86.0
SAN FRANCISCO BAY,2008-06-01,6,6,0.0,83.0
CENTRAL COAST,2008-06-01,10,9,4.9,85.0
SOUTH COAST,2008-06-01,12,11,3.2,72.0
SACRAMENTO RIVER,2008-06-01,37,37,1.3,73.0
SAN JOAQUIN RIVER,2008-06-01,24,24,1.1,73.0
TULARE LAKE,2008-06-01,29,29,11.1,74.0
NORTH LAHONTAN,2008-06-01,13,11,2.9,76.0
SOUTH LAHONTAN,2008-06-01,15,10,0.0,73.0
COLORADO RIVER,2008-06-01,6,5,0.0,66.0
NORTH COAST,2008-07-01,18,14,8.4,86.0
SAN FRANCISCO BAY,2008-07-01,6,6,0.0,83.0
CENTRAL COAST,2008-07-01,10,9,6.7,86.0
SOUTH COAST,2008-07-01,12,10,8.7,73.0
SACRAMENTO RIVER,2008-07-01,37,37,1.7,73.0
SAN JOAQUIN RIVER,2008-07-01,24,22,42.3,74.0
TULARE LAKE,2008-07-01,29,29,125.0,74.0
NORTH LAHONTAN,2008-07-01,13,11,27.8,76.0
SOUTH LAHONTAN,2008-07-01,15,9,126.9,78.0
COLORADO RIVER,2008-07-01,6,6,163.0,77.0
NORTH COAST,2008-08-01,18,16,37.3,87.0
SAN FRANCISCO BAY,2008-08-01,6,6,5.0,83.0
CENTRAL COAST,2008-08-01,10,9,40.1,86.0
SOUTH COAST,2008-08-01,12,11,28.2,73.0
SACRAMENTO RIVER,2008-08-01,37,36,10.1,73.0
SAN JOAQUIN RIVER,2008-08-01,24,23,0.0,74.0
TULARE LAKE,2008-08-01,29,29,6.5,74.0
NORTH LAHONTAN,2008-08-01,13,11,7.5,77.0
SOUTH LAHONTAN,2008-08-01,15,10,16.7,79.0
COLORADO RIVER,2008-08-01,6,4,115.6,103.0
NORTH COAST,2008-09-01,18,14,11.5,87.0
SAN FRANCISCO BAY,2008-09-01,6,6,0.0,83.0
CENTRAL COAST,2008-09-01,10,9,2.3,86.0
SOUTH COAST,2008-09-01,12,12,13.0,73.0
SACRAMENTO RIVER,2008-09-01,37,34,1.2,74.0
SAN JOAQUIN RIVER,2008-09-01,24,22,1.8,75.0
TULARE LAKE,2008-09-01,29,29,3.8,74.0
NORTH LAHONTAN,2008-09-01,13,11,2.1,77.0
SOUTH LAHONTAN,2008-09-01,15,9,24.7,80.0
COLORADO RIVER,2008-09-01,6,5,24.1,95.0
NORTH COAST,2008-10-01,18,16,69.5,5.0
SAN FRANCISCO BAY,2008-10-01,6,6,45.3,3.0
CENTRAL COAST,2008-10-01,10,9,38.9,2.0
SOUTH COAST,2008-10-01,12,12,8.3,0.0
SACRAMENTO RIVER,2008-10-01,37,36,80.4,5.0
SAN JOAQUIN RIVER,2008-10-01,24,24,72.0,4.0
TULARE LAKE,2008-10-01,29,29,25.7,1.0
NORTH LAHONTAN,2008-10-01,13,13,63.0,4.0
SOUTH LAHONTAN,2008-10-01,15,10,38.2,2.0
COLORADO RIVER,2008-10-01,6,6,0.0,0.0
NORTH COAST,2008-11-01,18,16,79.8,16.0
SAN FRANCISCO BAY,2008-11-01,6,6,101.5,15.0
CENTRAL COAST,2008-11-01,10,9,99.7,12.0
SOUTH COAST,2008-11-01,12,12,124.6,14.0
SACRAMENTO RIVER,2008-11-01,37,36,93.9,16.0
SAN JOAQUIN RIVER,2008-11-01,24,23,87.5,14.0
TULARE LAKE,2008-11-01,29,29,107.3,11.0
NORTH LAHONTAN,2008-11-01,13,11,80.5,13.0
SOUTH LAHONTAN,2008-11-01,15,9,189.2,21.0
COLORADO RIVER,2008-11-01,6,6,120.8,8.0
NORTH COAST,2008-12-01,18,16,79.9,30.0
SAN FRANCISCO BAY,2008-12-01,6,6,72.4,28.0
CENTRAL COAST,2008-12-01,10,9,70.9,24.0
SOUTH COAST,2008-12-01,12,12,133.0,35.0
SACRAMENTO RIVER,2008-12-01,37,37,65.5,27.0
SAN JOAQUIN RIVER,2008-12-01,24,24,80.7,27.0
TULARE LAKE,2008-12-01,29,29,96.3,28.0
NORTH LAHONTAN,2008-12-01,13,12,80.3,25.0
SOUTH LAHONTAN,2008-12-01,15,14,86.1,37.0
COLORADO RIVER,2008-12-01,6,5,250.8,39.0
NORTH COAST,2009-01-01,18,16,20.0,34.0
SAN FRANCISCO BAY,2009-01-01,6,6,27.5,34.0
CENTRAL COAST,2009-01-01,10,9,33.6,32.0
SOUTH COAST,2009-01-01,12,12,10.1,37.0
SACRAMENTO RIVER,2009-01-01,37,37,31.4,34.0
SAN JOAQUIN RIVER,2009-01-01,24,24,73.5,41.0
TULARE LAKE,2009-01-01,29,29,49.2,38.0
NORTH LAHONTAN,2009-01-01,13,12,32.0,30.0
SOUTH LAHONTAN,2009-01-01,15,14,11.7,39.0
COLORADO RIVER,2009-01-01,6,5,3.5,40.0
NORTH COAST,2009-02-01,18,17,111.5,50.0
SAN FRANCISCO BAY,2009-02-01,6,6,209.7,70.0
CENTRAL COAST,2009-02-01,10,9,148.7,60.0
SOUTH COAST,2009-02-01,12,12,112.0,60.0
SACRAMENTO RIVER,2009-02-01,37,37,152.5,58.0
SAN JOAQUIN RIVER,2009-02-01,24,24,119.9,61.0
TULARE LAKE,2009-02-01,29,29,119.1,59.0
NORTH LAHONTAN,2009-02-01,13,12,64.5,40.0
SOUTH LAHONTAN,2009-02-01,15,13,168.3,69.0
COLORADO RIVER,2009-02-01,6,6,150.6,57.0
NORTH COAST,2009-03-01,18,16,88.1,62.0
SAN FRANCISCO BAY,2009-03-01,6,6,98.1,83.0
CENTRAL COAST,2009-03-01,10,9,56.8,68.0
SOUTH COAST,2009-03-01,12,12,7.0,61.0
SACRAMENTO RIVER,2009-03-01,37,35,114.4,73.0
SAN JOAQUIN RIVER,2009-03-01,24,24,86.5,74.0
TULARE LAKE,2009-03-01,29,29,48.9,66.0
NORTH LAHONTAN,2009-03-01,13,12,151.3,55.0
SOUTH LAHONTAN,2009-03-01,15,14,24.8,71.0
COLORADO RIVER,2009-03-01,6,6,0.0,57.0
NORTH COAST,2009-04-01,18,16,31.9,64.0
SAN FRANCISCO BAY,2009-04-01,6,6,35.9,86.0
CENTRAL COAST,2009-04-01,10,9,28.1,70.0
SOUTH COAST,2009-04-01,12,12,9.4,62.0
SACRAMENTO RIVER,2009-04-01,37,36,39.6,76.0
SAN JOAQUIN RIVER,2009-04-01,24,23,51.4,79.0
TULARE LAKE,2009-04-01,29,29,54.6,71.0
NORTH LAHONTAN,2009-04-01,13,12,57.2,59.0
SOUTH LAHONTAN,2009-04-01,15,14,10.1,71.0
COLORADO RIVER,2009-04-01,6,6,3.0,57.0
NORTH COAST,2009-05-01,18,17,263.0,73.0
SAN FRANCISCO BAY,2009-05-01,6,6,237.0,91.0
CENTRAL COAST,2009-05-01,10,9,98.8,73.0
SOUTH COAST,2009-05-01,12,12,8.9,62.0
SACRAMENTO RIVER,2009-05-01,37,37,230.5,85.0
SAN JOAQUIN RIVER,2009-05-01,24,24,197.1,86.0
TULARE LAKE,2009-05-01,29,29,149.0,76.0
NORTH LAHONTAN,2009-05-01,13,12,158.8,66.0
SOUTH LAHONTAN,2009-05-01,15,13,21.7,79.0
COLORADO RIVER,2009-05-01,6,6,28.3,57.0
NORTH COAST,2009-06-01,18,16,129.5,76.0
SAN FRANCISCO BAY,2009-06-01,6,6,9.1,91.0
CENTRAL COAST,2009-06-01,10,9,160.7,73.0
SOUTH COAST,2009-06-01,12,12,147.9,63.0
SACRAMENTO RIVER,2009-06-01,37,36,156.8,88.0
SAN JOAQUIN RIVER,2009-06-01,24,23,226.0,88.0
TULARE LAKE,2009-06-01,29,29,336.4,79.0
NORTH LAHONTAN,2009-06-01,13,11,136.6,71.0
SOUTH LAHONTAN,2009-06-01,15,12,764.3,92.0
COLORADO RIVER,2009-06-01,6,5,6.7,57.0
NORTH COAST,2009-07-01,18,17,76.3,76.0
SAN FRANCISCO BAY,2009-07-01,6,6,0.0,91.0
CENTRAL COAST,2009-07-01,10,9,3.7,73.0
SOUTH COAST,2009-07-01,12,12,4.5,63.0
SACRAMENTO RIVER,2009-07-01,37,36,16.6,88.0
SAN JOAQUIN RIVER,2009-07-01,24,23,1.2,88.0
TULARE LAKE,2009-07-01,29,29,3.7,79.0
NORTH LAHONTAN,2009-07-01,13,12,49.5,72.0
SOUTH LAHONTAN,2009-07-01,15,12,31.7,93.0
COLORADO RIVER,2009-07-01,6,5,7.4,57.0
NORTH COAST,2009-08-01,18,15,67.2,78.0
SAN FRANCISCO BAY,2009-08-01,6,6,15.0,91.0
CENTRAL COAST,2009-08-01,10,9,94.9,74.0
SOUTH COAST,2009-08-01,12,12,0.6,63.0
SACRAMENTO RIVER,2009-08-01,37,35,42.5,89.0
SAN JOAQUIN RIVER,2009-08-01,24,23,84.0,88.0
TULARE LAKE,2009-08-01,29,29,19.4,79.0
NORTH LAHONTAN,2009-08-01,13,12,66.2,75.0
SOUTH LAHONTAN,2009-08-01,15,12,17.4,94.0
COLORADO RIVER,2009-08-01,6,5,14.4,59.0
NORTH COAST,2009-09-01,18,16,37.6,78.0
SAN FRANCISCO BAY,2009-09-01,6,6,136.8,92.0
CENTRAL COAST,2009-09-01,10,9,39.6,74.0
SOUTH COAST,2009-09-01,12,11,1.8,64.0
SACRAMENTO RIVER,2009-09-01,37,35,24.3,89.0
SAN JOAQUIN RIVER,2009-09-01,24,24,32.8,88.0
TULARE LAKE,2009-09-01,29,29,11.0,79.0
NORTH LAHONTAN,2009-09-01,13,12,8.5,75.0
SOUTH LAHONTAN,2009-09-01,15,9,9.0,94.0
COLORADO RIVER,2009-09-01,6,5,2.1,60.0
NORTH COAST,2009-10-01,18,17,115.5,7.0
SAN FRANCISCO BAY,2009-10-01,6,6,321.5,18.0
CENTRAL COAST,2009-10-01,10,9,551.6,20.0
SOUTH COAST,2009-10-01,12,12,183.7,4.0
SACRAMENTO RIVER,2009-10-01,37,36,167.8,10.0
SAN JOAQUIN RIVER,2009-10-01,24,24,272.7,13.0
TULARE LAKE,2009-10-01,29,29,256.2,10.0
NORTH LAHONTAN,2009-10-01,13,13,136.2,8.0
SOUTH LAHONTAN,2009-10-01,15,14,187.8,8.0
COLORADO RIVER,2009-10-01,6,6,0.0,0.0
NORTH COAST,2009-11-01,18,16,53.0,15.0
SAN FRANCISCO BAY,2009-11-01,6,6,22.0,21.0
CENTRAL COAST,2009-11-01,10,9,4.0,20.0
SOUTH COAST,2009-11-01,12,12,17.5,6.0
SACRAMENTO RIVER,2009-11-01,37,36,37.2,14.0
SAN JOAQUIN RIVER,2009-11-01,24,24,20.4,16.0
TULARE LAKE,2009-11-01,29,29,13.7,12.0
NORTH LAHONTAN,2009-11-01,13,12,43.9,14.0
SOUTH LAHONTAN,2009-11-01,15,13,15.3,9.0
COLORADO RIVER,2009-11-01,6,6,11.5,1.0
NORTH COAST,2009-12-01,18,16,49.9,25.0
SAN FRANCISCO BAY,2009-12-01,6,6,65.4,33.0
CENTRAL COAST,2009-12-01,10,9,82.2,35.0
SOUTH COAST,2009-12-01,12,12,126.5,27.0
SACRAMENTO RIVER,2009-12-01,37,37,78.4,28.0
SAN JOAQUIN RIVER,2009-12-01,24,24,108.2,34.0
TULARE LAKE,2009-12-01,29,28,135.7,34.0
NORTH LAHONTAN,2009-12-01,13,11,96.2,28.0
SOUTH LAHONTAN,2009-12-01,15,14,80.2,22.0
COLORADO RIVER,2009-12-01,6,5,150.8,20.0
NORTH COAST,2010-01-01,18,17,127.5,49.0
SAN FRANCISCO BAY,2010-01-01,6,6,145.8,64.0
CENTRAL COAST,2010-01-01,10,9,160.0,69.0
SOUTH COAST,2010-01-01,12,12,188.7,63.0
SACRAMENTO RIVER,2010-01-01,37,37,143.7,56.0
SAN JOAQUIN RIVER,2010-01-01,24,24,124.9,57.0
TULARE LAKE,2010-01-01,29,29,116.1,56.0
NORTH LAHONTAN,2010-01-01,13,12,90.4,42.0
SOUTH LAHONTAN,2010-01-01,15,13,316.4,70.0
COLORADO RIVER,2010-01-01,6,5,417.1,82.0
NORTH COAST,2010-02-01,18,16,81.1,61.0
SAN FRANCISCO BAY,2010-02-01,6,6,99.9,81.0
CENTRAL COAST,2010-02-01,10,9,122.2,92.0
SOUTH COAST,2010-02-01,12,12,131.9,89.0
SACRAMENTO RIVER,2010-02-01,37,36,90.2,70.0
SAN JOAQUIN RIVER,2010-02-01,24,24,105.6,75.0
TULARE LAKE,2010-02-01,29,29,132.4,80.0
NORTH LAHONTAN,2010-02-01,13,11,63.4,53.0
SOUTH LAHONTAN,2010-02-01,15,13,199.9,102.0
COLORADO RIVER,2010-02-01,6,5,140.1,99.0
NORTH COAST,2010-03-01,18,16,94.2,72.0
SAN FRANCISCO BAY,2010-03-01,6,6,86.5,93.0
CENTRAL COAST,2010-03-01,10,9,63.5,101.0
SOUTH COAST,2010-03-01,12,12,21.5,93.0
SACRAMENTO RIVER,2010-03-01,37,37,85.2,82.0
SAN JOAQUIN RIVER,2010-03-01,24,24,74.1,86.0
TULARE LAKE,2010-03-01,29,29,58.0,89.0
NORTH LAHONTAN,2010-03-01,13,11,86.3,63.0
SOUTH LAHONTAN,2010-03-01,15,13,22.3,106.0
COLORADO RIVER,2010-03-01,6,6,236.6,114.0
NORTH COAST,2010-04-01,18,16,252.7,90.0
SAN FRANCISCO BAY,2010-04-01,6,6,216.7,109.0
CENTRAL COAST,2010-04-01,10,9,233.7,120.0
SOUTH COAST,2010-04-01,12,12,138.7,104.0
SACRAMENTO RIVER,2010-04-01,37,36,208.3,97.0
SAN JOAQUIN RIVER,2010-04-01,24,24,211.9,105.0
TULARE LAKE,2010-04-01,29,29,216.8,110.0
NORTH LAHONTAN,2010-04-01,13,11,174.1,74.0
SOUTH LAHONTAN,2010-04-01,15,13,155.6,117.0
COLORADO RIVER,2010-04-01,6,5,40.3,115.0
NORTH COAST,2010-05-01,18,16,196.2,96.0
SAN FRANCISCO BAY,2010-05-01,6,6,227.9,114.0
CENTRAL COAST,2010-05-01,10,9,116.1,122.0
SOUTH COAST,2010-05-01,12,12,31.2,105.0
SACRAMENTO RIVER,2010-05-01,37,37,170.6,104.0
SAN JOAQUIN RIVER,2010-05-01,24,22,167.5,111.0
TULARE LAKE,2010-05-01,29,29,72.1,112.0
NORTH LAHONTAN,2010-05-01,13,10,83.2,79.0
SOUTH LAHONTAN,2010-05-01,15,10,27.4,118.0
COLORADO RIVER,2010-05-01,6,6,4.2,115.0
NORTH COAST,2010-06-01,18,16,193.0,99.0
SAN FRANCISCO BAY,2010-06-01,6,6,13.4,114.0
CENTRAL COAST,2010-06-01,10,9,7.9,122.0
SOUTH COAST,2010-06-01,12,11,9.5,103.0
SACRAMENTO RIVER,2010-06-01,37,34,35.2,104.0
SAN JOAQUIN RIVER,2010-06-01,24,22,7.9,111.0
TULARE LAKE,2010-06-01,29,29,15.1,113.0
NORTH LAHONTAN,2010-06-01,13,11,33.6,81.0
SOUTH LAHONTAN,2010-06-01,15,10,0.4,118.0
COLORADO RIVER,2010-06-01,6,6,50.0,116.0
NORTH COAST,2010-07-01,18,15,38.2,100.0
SAN FRANCISCO BAY,2010-07-01,6,6,0.0,114.0
CENTRAL COAST,2010-07-01,10,8,25.6,118.0
SOUTH COAST,2010-07-01,12,12,199.2,103.0
SACRAMENTO RIVER,2010-07-01,37,31,24.9,105.0
SAN JOAQUIN RIVER,2010-07-01,24,21,10.6,113.0
TULARE LAKE,2010-07-01,29,28,82.1,113.0
NORTH LAHONTAN,2010-07-01,13,11,64.9,84.0
SOUTH LAHONTAN,2010-07-01,15,10,35.1,118.0
COLORADO RIVER,2010-07-01,6,6,4.7,116.0
NORTH COAST,2010-08-01,18,14,25.4,100.0
SAN FRANCISCO BAY,2010-08-01,6,5,5.0,116.0
CENTRAL COAST,2010-08-01,10,8,27.1,119.0
SOUTH COAST,2010-08-01,12,12,3.4,103.0
SACRAMENTO RIVER,2010-08-01,37,30,20.7,105.0
SAN JOAQUIN RIVER,2010-08-01,24,22,5.3,113.0
TULARE LAKE,2010-08-01,29,28,17.5,113.0
NORTH LAHONTAN,2010-08-01,13,11,74.0,85.0
SOUTH LAHONTAN,2010-08-01,15,10,70.0,124.0
COLORADO RIVER,2010-08-01,6,5,12.5,118.0
NORTH COAST,2010-09-01,18,16,107.1,102.0
SAN FRANCISCO BAY,2010-09-01,6,5,9.4,116.0
CENTRAL COAST,2010-09-01,10,8,2.5,119.0
SOUTH COAST,2010-09-01,12,11,3.8,103.0
SACRAMENTO RIVER,2010-09-01,37,31,27.2,105.0
SAN JOAQUIN RIVER,2010-09-01,24,21,2.0,113.0
TULARE LAKE,2010-09-01,29,27,1.1,113.0
NORTH LAHONTAN,2010-09-01,13,11,17.5,86.0
SOUTH LAHONTAN,2010-09-01,15,12,0.2,124.0
COLORADO RIVER,2010-09-01,6,5,9.4,119.0
NORTH COAST,2010-10-01,17,16,239.5,16.0
SAN FRANCISCO BAY,2010-10-01,6,6,208.1,12.0
CENTRAL COAST,2010-10-01,10,9,230.5,8.0
SOUTH COAST,2010-10-01,12,12,513.5,16.0
SACRAMENTO RIVER,2010-10-01,37,36,235.3,14.0
SAN JOAQUIN RIVER,2010-10-01,24,24,307.9,15.0
TULARE LAKE,2010-10-01,29,29,186.0,7.0
NORTH LAHONTAN,2010-10-01,13,11,288.7,18.0
SOUTH LAHONTAN,2010-10-01,15,14,339.7,14.0
COLORADO RIVER,2010-10-01,6,6,258.1,18.0
NORTH COAST,2010-11-01,17,17,84.9,27.0
SAN FRANCISCO BAY,2010-11-01,6,6,120.3,26.0
CENTRAL COAST,2010-11-01,10,9,109.9,19.0
SOUTH COAST,2010-11-01,12,12,79.8,24.0
SACRAMENTO RIVER,2010-11-01,37,37,117.8,28.0
SAN JOAQUIN RIVER,2010-11-01,24,24,148.4,32.0
TULARE LAKE,2010-11-01,29,29,156.8,23.0
NORTH LAHONTAN,2010-11-01,13,11,116.2,34.0
SOUTH LAHONTAN,2010-11-01,15,13,74.8,23.0
COLORADO RIVER,2010-11-01,6,6,2.3,18.0
NORTH COAST,2010-12-01,17,16,138.0,53.0
SAN FRANCISCO BAY,2010-12-01,6,6,159.4,56.0
CENTRAL COAST,2010-12-01,10,9,198.9,55.0
SOUTH COAST,2010-12-01,12,12,395.1,88.0
SACRAMENTO RIVER,2010-12-01,37,37,190.7,61.0
SAN JOAQUIN RIVER,2010-12-01,24,24,231.2,71.0
TULARE LAKE,2010-12-01,29,29,372.2,85.0
NORTH LAHONTAN,2010-12-01,13,11,212.8,65.0
SOUTH LAHONTAN,2010-12-01,15,12,485.4,96.0
COLORADO RIVER,2010-12-01,6,6,230.3,47.0
NORTH COAST,2011-01-01,17,16,27.5,59.0
SAN FRANCISCO BAY,2011-01-01,6,6,25.5,61.0
CENTRAL COAST,2011-01-01,10,9,46.8,64.0
SOUTH COAST,2011-01-01,12,12,29.9,93.0
SACRAMENTO RIVER,2011-01-01,37,37,25.6,66.0
SAN JOAQUIN RIVER,2011-01-01,24,24,50.9,81.0
TULARE LAKE,2011-01-01,29,29,55.9,96.0
NORTH LAHONTAN,2011-01-01,13,12,23.6,68.0
SOUTH LAHONTAN,2011-01-01,15,13,22.6,100.0
COLORADO RIVER,2011-01-01,6,6,1.8,48.0
NORTH COAST,2011-02-01,17,16,70.4,70.0
SAN FRANCISCO BAY,2011-02-01,6,6,116.6,81.0
CENTRAL COAST,2011-02-01,10,9,103.1,84.0
SOUTH COAST,2011-02-01,12,12,89.3,112.0
SACRAMENTO RIVER,2011-02-01,37,36,101.4,82.0
SAN JOAQUIN RIVER,2011-02-01,24,24,103.1,98.0
TULARE LAKE,2011-02-01,29,29,69.5,108.0
NORTH LAHONTAN,2011-02-01,13,12,125.3,86.0
SOUTH LAHONTAN,2011-02-01,15,13,72.2,112.0
COLORADO RIVER,2011-02-01,6,6,192.1,71.0
NORTH COAST,2011-03-01,17,15,226.8,100.0
SAN FRANCISCO BAY,2011-03-01,6,6,232.9,113.0
CENTRAL COAST,2011-03-01,10,9,241.3,120.0
SOUTH COAST,2011-03-01,12,12,127.6,132.0
SACRAMENTO RIVER,2011-03-01,37,36,270.7,118.0
SAN JOAQUIN RIVER,2011-03-01,24,24,233.2,133.0
TULARE LAKE,2011-03-01,29,28,183.6,136.0
NORTH LAHONTAN,2011-03-01,13,12,234.2,113.0
SOUTH LAHONTAN,2011-03-01,15,13,143.9,130.0
COLORADO RIVER,2011-03-01,6,6,15.6,72.0
NORTH COAST,2011-04-01,17,14,103.9,106.0
SAN FRANCISCO BAY,2011-04-01,6,5,32.7,114.0
CENTRAL COAST,2011-04-01,10,9,15.4,122.0
SOUTH COAST,2011-04-01,12,12,20.3,134.0
SACRAMENTO RIVER,2011-04-01,37,33,64.3,124.0
SAN JOAQUIN RIVER,2011-04-01,24,24,36.6,136.0
TULARE LAKE,2011-04-01,29,28,41.4,140.0
NORTH LAHONTAN,2011-04-01,13,12,113.9,122.0
SOUTH LAHONTAN,2011-04-01,15,13,21.0,132.0
COLORADO RIVER,2011-04-01,6,6,9.0,72.0
NORTH COAST,2011-05-01,17,15,180.0,112.0
SAN FRANCISCO BAY,2011-05-01,6,5,246.9,120.0
CENTRAL COAST,2011-05-01,10,8,240.0,125.0
SOUTH COAST,2011-05-01,12,12,257.5,138.0
SACRAMENTO RIVER,2011-05-01,37,37,207.9,132.0
SAN JOAQUIN RIVER,2011-05-01,24,24,224.3,144.0
TULARE LAKE,2011-05-01,29,27,223.5,148.0
NORTH LAHONTAN,2011-05-01,13,12,109.3,128.0
SOUTH LAHONTAN,2011-05-01,15,13,68.7,134.0
COLORADO RIVER,2011-05-01,6,6,155.6,74.0
NORTH COAST,2011-06-01,17,15,270.0,117.0
SAN FRANCISCO BAY,2011-06-01,6,6,902.4,126.0
CENTRAL COAST,2011-06-01,10,9,936.4,130.0
SOUTH COAST,2011-06-01,12,12,96.7,138.0
SACRAMENTO RIVER,2011-06-01,37,37,451.6,138.0
SAN JOAQUIN RIVER,2011-06-01,24,24,884.9,152.0
TULARE LAKE,2011-06-01,29,28,518.6,151.0
NORTH LAHONTAN,2011-06-01,13,12,246.2,137.0
SOUTH LAHONTAN,2011-06-01,15,13,40.2,134.0
COLORADO RIVER,2011-06-01,6,5,0.0,76.0
NORTH COAST,2011-07-01,17,13,129.3,117.0
SAN FRANCISCO BAY,2011-07-01,6,5,0.0,127.0
CENTRAL COAST,2011-07-01,10,8,11.3,133.0
SOUTH COAST,2011-07-01,12,12,157.0,140.0
SACRAMENTO RIVER,2011-07-01,37,37,19.9,139.0
SAN JOAQUIN RIVER,2011-07-01,24,23,56.1,155.0
TULARE LAKE,2011-07-01,29,28,256.4,153.0
NORTH LAHONTAN,2011-07-01,13,11,52.0,141.0
SOUTH LAHONTAN,2011-07-01,15,13,89.2,139.0
COLORADO RIVER,2011-07-01,6,6,197.7,90.0
NORTH COAST,2011-08-01,17,15,5.1,117.0
SAN FRANCISCO BAY,2011-08-01,6,4,0.0,120.0
CENTRAL COAST,2011-08-01,10,9,6.6,134.0
SOUTH COAST,2011-08-01,12,11,23.4,139.0
SACRAMENTO RIVER,2011-08-01,37,37,11.7,139.0
SAN JOAQUIN RIVER,2011-08-01,24,23,3.3,155.0
TULARE LAKE,2011-08-01,29,28,125.0,153.0
NORTH LAHONTAN,2011-08-01,13,11,2.6,141.0
SOUTH LAHONTAN,2011-08-01,15,14,92.7,146.0
COLORADO RIVER,2011-08-01,6,5,1.4,90.0
NORTH COAST,2011-09-01,17,16,18.1,118.0
SAN FRANCISCO BAY,2011-09-01,6,5,4.2,123.0
CENTRAL COAST,2011-09-01,10,9,3.8,134.0
SOUTH COAST,2011-09-01,12,11,61.2,142.0
SACRAMENTO RIVER,2011-09-01,37,37,38.3,139.0
SAN JOAQUIN RIVER,2011-09-01,24,21,67.1,156.0
TULARE LAKE,2011-09-01,29,28,68.3,155.0
NORTH LAHONTAN,2011-09-01,13,11,76.2,143.0
SOUTH LAHONTAN,2011-09-01,15,12,64.3,152.0
COLORADO RIVER,2011-09-01,6,6,102.1,99.0
NORTH COAST,2011-10-01,17,16,126.2,8.0
SAN FRANCISCO BAY,2011-10-01,6,6,134.0,7.0
CENTRAL COAST,2011-10-01,10,9,177.7,7.0
SOUTH COAST,2011-10-01,12,12,161.6,5.0
SACRAMENTO RIVER,2011-10-01,37,37,124.0,8.0
SAN JOAQUIN RIVER,2011-10-01,24,24,153.5,8.0
TULARE LAKE,2011-10-01,29,29,235.4,9.0
NORTH LAHONTAN,2011-10-01,13,13,71.3,5.0
SOUTH LAHONTAN,2011-10-01,15,14,114.9,5.0
COLORADO RIVER,2011-10-01,6,6,27.1,2.0
NORTH COAST,2011-11-01,17,16,63.5,17.0
SAN FRANCISCO BAY,2011-11-01,6,6,63.2,15.0
CENTRAL COAST,2011-11-01,10,9,111.9,18.0
SOUTH COAST,2011-11-01,12,12,143.7,20.0
SACRAMENTO RIVER,2011-11-01,37,37,50.6,14.0
SAN JOAQUIN RIVER,2011-11-01,24,23,39.9,12.0
TULARE LAKE,2011-11-01,29,29,73.6,16.0
NORTH LAHONTAN,2011-11-01,13,12,30.0,8.0
SOUTH LAHONTAN,2011-11-01,15,13,66.5,13.0
COLORADO RIVER,2011-11-01,6,6,111.1,10.0
NORTH COAST,2011-12-01,17,15,20.8,21.0
SAN FRANCISCO BAY,2011-12-01,6,6,3.7,15.0
CENTRAL COAST,2011-12-01,10,9,8.4,20.0
SOUTH COAST,2011-12-01,12,12,36.7,26.0
SACRAMENTO RIVER,2011-12-01,37,37,4.3,14.0
SAN JOAQUIN RIVER,2011-12-01,24,24,2.0,12.0
TULARE LAKE,2011-12-01,29,29,1.6,16.0
NORTH LAHONTAN,2011-12-01,13,12,6.2,9.0
SOUTH LAHONTAN,2011-12-01,15,14,14.5,15.0
COLORADO RIVER,2011-12-01,6,6,55.0,17.0
NORTH COAST,2012-01-01,17,16,107.2,41.0
SAN FRANCISCO BAY,2012-01-01,6,6,61.2,28.0
CENTRAL COAST,2012-01-01,10,9,52.5,30.0
SOUTH COAST,2012-01-01,12,11,35.2,32.0
SACRAMENTO RIVER,2012-01-01,37,37,76.4,29.0
SAN JOAQUIN RIVER,2012-01-01,24,24,72.3,26.0
TULARE LAKE,2012-01-01,29,29,72.4,30.0
NORTH LAHONTAN,2012-01-01,13,13,87.4,25.0
SOUTH LAHONTAN,2012-01-01,15,13,53.5,24.0
COLORADO RIVER,2012-01-01,6,6,0.4,17.0
NORTH COAST,2012-02-01,17,15,42.4,47.0
SAN FRANCISCO BAY,2012-02-01,6,6,30.6,34.0
CENTRAL COAST,2012-02-01,10,9,17.4,34.0
SOUTH COAST,2012-02-01,12,12,27.4,37.0
SACRAMENTO RIVER,2012-02-01,37,37,36.9,35.0
SAN JOAQUIN RIVER,2012-02-01,24,24,30.2,31.0
TULARE LAKE,2012-02-01,29,29,31.5,35.0
NORTH LAHONTAN,2012-02-01,13,12,33.3,29.0
SOUTH LAHONTAN,2012-02-01,15,14,14.7,27.0
COLORADO RIVER,2012-02-01,6,5,52.1,22.0
NORTH COAST,2012-03-01,17,15,218.6,74.0
SAN FRANCISCO BAY,2012-03-01,6,6,221.9,63.0
CENTRAL COAST,2012-03-01,10,9,128.6,53.0
SOUTH COAST,2012-03-01,12,12,79.8,49.0
SACRAMENTO RIVER,2012-03-01,37,37,211.0,63.0
SAN JOAQUIN RIVER,2012-03-01,24,24,130.4,50.0
TULARE LAKE,2012-03-01,29,29,113.7,53.0
NORTH LAHONTAN,2012-03-01,13,12,128.4,44.0
SOUTH LAHONTAN,2012-03-01,15,13,50.6,33.0
COLORADO RIVER,2012-03-01,6,6,21.0,25.0
NORTH COAST,2012-04-01,17,15,131.5,83.0
SAN FRANCISCO BAY,2012-04-01,6,6,148.3,75.0
CENTRAL COAST,2012-04-01,10,7,182.5,67.0
SOUTH COAST,2012-04-01,12,12,146.7,61.0
SACRAMENTO RIVER,2012-04-01,37,37,171.6,76.0
SAN JOAQUIN RIVER,2012-04-01,24,24,151.7,64.0
TULARE LAKE,2012-04-01,29,29,197.4,72.0
NORTH LAHONTAN,2012-04-01,13,12,121.2,52.0
SOUTH LAHONTAN,2012-04-01,15,13,132.6,41.0
COLORADO RIVER,2012-04-01,6,6,92.0,29.0
NORTH COAST,2012-05-01,17,16,38.5,84.0
SAN FRANCISCO BAY,2012-05-01,6,6,14.4,75.0
CENTRAL COAST,2012-05-01,10,7,9.1,68.0
SOUTH COAST,2012-05-01,12,12,10.4,61.0
SACRAMENTO RIVER,2012-05-01,37,36,23.6,77.0
SAN JOAQUIN RIVER,2012-05-01,24,24,8.7,64.0
TULARE LAKE,2012-05-01,29,29,15.8,73.0
NORTH LAHONTAN,2012-05-01,13,12,26.6,53.0
SOUTH LAHONTAN,2012-05-01,15,13,0.9,42.0
COLORADO RIVER,2012-05-01,6,6,0.0,29.0
NORTH COAST,2012-06-01,17,16,147.8,87.0
SAN FRANCISCO BAY,2012-06-01,6,6,70.2,76.0
CENTRAL COAST,2012-06-01,10,7,86.6,68.0
SOUTH COAST,2012-06-01,12,12,0.0,61.0
SACRAMENTO RIVER,2012-06-01,37,37,120.2,79.0
SAN JOAQUIN RIVER,2012-06-01,24,23,163.0,66.0
TULARE LAKE,2012-06-01,29,29,53.0,73.0
NORTH LAHONTAN,2012-06-01,13,11,51.1,56.0
SOUTH LAHONTAN,2012-06-01,15,14,4.5,42.0
COLORADO RIVER,2012-06-01,6,6,0.0,29.0
NORTH COAST,2012-07-01,17,13,335.0,89.0
SAN FRANCISCO BAY,2012-07-01,6,4,33.4,79.0
CENTRAL COAST,2012-07-01,10,8,18.9,68.0
SOUTH COAST,2012-07-01,12,12,682.9,62.0
SACRAMENTO RIVER,2012-07-01,37,32,75.9,80.0
SAN JOAQUIN RIVER,2012-07-01,24,23,14.3,66.0
TULARE LAKE,2012-07-01,29,29,20.0,73.0
NORTH LAHONTAN,2012-07-01,13,9,76.7,59.0
SOUTH LAHONTAN,2012-07-01,15,13,34.6,44.0
COLORADO RIVER,2012-07-01,6,6,506.5,55.0
NORTH COAST,2012-08-01,17,15,8.4,89.0
SAN FRANCISCO BAY,2012-08-01,6,5,10.0,79.0
CENTRAL COAST,2012-08-01,10,8,17.4,68.0
SOUTH COAST,2012-08-01,12,11,64.9,64.0
SACRAMENTO RIVER,2012-08-01,37,31,28.9,80.0
SAN JOAQUIN RIVER,2012-08-01,24,21,22.8,66.0
TULARE LAKE,2012-08-01,29,29,52.6,74.0
NORTH LAHONTAN,2012-08-01,13,8,114.8,60.0
SOUTH LAHONTAN,2012-08-01,15,14,204.8,54.0
COLORADO RIVER,2012-08-01,6,4,123.0,70.0
NORTH COAST,2012-09-01,17,14,0.5,91.0
SAN FRANCISCO BAY,2012-09-01,6,4,4.5,78.0
CENTRAL COAST,2012-09-01,10,7,13.6,66.0
SOUTH COAST,2012-09-01,12,11,24.0,64.0
SACRAMENTO RIVER,2012-09-01,37,31,4.7,80.0
SAN JOAQUIN RIVER,2012-09-01,24,21,20.4,66.0
TULARE LAKE,2012-09-01,29,29,9.9,74.0
NORTH LAHONTAN,2012-09-01,13,7,22.1,59.0
SOUTH LAHONTAN,2012-09-01,15,9,17.2,58.0
COLORADO RIVER,2012-09-01,6,5,15.6,72.0
NORTH COAST,2012-10-01,18,16,81.5,5.0
SAN FRANCISCO BAY,2012-10-01,6,6,96.9,5.0
CENTRAL COAST,2012-10-01,10,9,54.6,2.0
SOUTH COAST,2012-10-01,12,12,76.7,3.0
SACRAMENTO RIVER,2012-10-01,37,37,85.0,5.0
SAN JOAQUIN RIVER,2012-10-01,24,23,67.0,3.0
TULARE LAKE,2012-10-01,29,29,61.3,2.0
NORTH LAHONTAN,2012-10-01,13,11,75.2,5.0
SOUTH LAHONTAN,2012-10-01,15,13,126.6,7.0
COLORADO RIVER,2012-10-01,6,6,51.4,4.0
NORTH COAST,2012-11-01,18,15,149.4,25.0
SAN FRANCISCO BAY,2012-11-01,6,6,197.3,29.0
CENTRAL COAST,2012-11-01,10,9,140.2,16.0
SOUTH COAST,2012-11-01,12,12,48.0,8.0
SACRAMENTO RIVER,2012-11-01,37,37,201.2,29.0
SAN JOAQUIN RIVER,2012-11-01,24,20,137.3,19.0
TULARE LAKE,2012-11-01,29,28,64.6,9.0
NORTH LAHONTAN,2012-11-01,13,11,116.1,18.0
SOUTH LAHONTAN,2012-11-01,15,14,25.3,9.0
COLORADO RIVER,2012-11-01,6,6,0.0,4.0
NORTH COAST,2012-12-01,18,14,156.7,55.0
SAN FRANCISCO BAY,2012-12-01,6,4,170.9,62.0
CENTRAL COAST,2012-12-01,10,9,120.2,39.0
SOUTH COAST,2012-12-01,12,12,102.9,24.0
SACRAMENTO RIVER,2012-12-01,37,37,195.1,63.0
SAN JOAQUIN RIVER,2012-12-01,24,20,171.3,48.0
TULARE LAKE,2012-12-01,29,28,135.8,32.0
NORTH LAHONTAN,2012-12-01,13,11,213.9,50.0
SOUTH LAHONTAN,2012-12-01,15,13,49.9,17.0
COLORADO RIVER,2012-12-01,6,5,96.9,18.0
NORTH COAST,2013-01-01,18,16,25.6,59.0
SAN FRANCISCO BAY,2013-01-01,6,6,15.3,65.0
CENTRAL COAST,2013-01-01,10,9,28.5,45.0
SOUTH COAST,2013-01-01,12,12,47.2,34.0
SACRAMENTO RIVER,2013-01-01,37,37,16.6,66.0
SAN JOAQUIN RIVER,2013-01-01,24,20,24.1,53.0
TULARE LAKE,2013-01-01,29,28,34.1,38.0
NORTH LAHONTAN,2013-01-01,13,11,18.6,53.0
SOUTH LAHONTAN,2013-01-01,15,13,40.6,23.0
COLORADO RIVER,2013-01-01,6,6,110.6,32.0
NORTH COAST,2013-02-01,18,13,19.5,63.0
SAN FRANCISCO BAY,2013-02-01,6,6,12.7,67.0
CENTRAL COAST,2013-02-01,10,7,12.7,50.0
SOUTH COAST,2013-02-01,12,12,16.7,37.0
SACRAMENTO RIVER,2013-02-01,37,37,11.6,67.0
SAN JOAQUIN RIVER,2013-02-01,24,21,14.9,55.0
TULARE LAKE,2013-02-01,29,29,34.6,44.0
NORTH LAHONTAN,2013-02-01,13,11,14.1,55.0
SOUTH LAHONTAN,2013-02-01,15,13,10.3,24.0
COLORADO RIVER,2013-02-01,6,5,9.8,33.0
NORTH COAST,2013-03-01,18,13,51.8,70.0
SAN FRANCISCO BAY,2013-03-01,6,5,30.7,70.0
CENTRAL COAST,2013-03-01,10,7,27.7,54.0
SOUTH COAST,2013-03-01,12,12,36.6,43.0
SACRAMENTO RIVER,2013-03-01,37,37,52.5,74.0
SAN JOAQUIN RIVER,2013-03-01,24,23,42.9,62.0
TULARE LAKE,2013-03-01,29,29,27.7,49.0
NORTH LAHONTAN,2013-03-01,13,12,34.5,59.0
SOUTH LAHONTAN,2013-03-01,15,13,71.5,32.0
COLORADO RIVER,2013-03-01,6,5,18.2,35.0
NORTH COAST,2013-04-01,18,13,77.0,75.0
SAN FRANCISCO BAY,2013-04-01,6,6,55.7,74.0
CENTRAL COAST,2013-04-01,10,7,22.7,56.0
SOUTH COAST,2013-04-01,12,12,2.5,43.0
SACRAMENTO RIVER,2013-04-01,37,37,44.0,78.0
SAN JOAQUIN RIVER,2013-04-01,24,23,36.6,65.0
TULARE LAKE,2013-04-01,29,29,21.1,51.0
NORTH LAHONTAN,2013-04-01,13,11,48.7,62.0
SOUTH LAHONTAN,2013-04-01,15,13,3.5,33.0
COLORADO RIVER,2013-04-01,6,6,0.0,35.0
NORTH COAST,2013-05-01,18,13,95.5,77.0
SAN FRANCISCO BAY,2013-05-01,6,5,54.4,75.0
CENTRAL COAST,2013-05-01,10,7,26.6,57.0
SOUTH COAST,2013-05-01,12,11,205.3,48.0
SACRAMENTO RIVER,2013-05-01,37,35,66.3,80.0
SAN JOAQUIN RIVER,2013-05-01,24,18,48.5,68.0
TULARE LAKE,2013-05-01,29,26,69.4,55.0
NORTH LAHONTAN,2013-05-01,13,10,98.2,66.0
SOUTH LAHONTAN,2013-05-01,15,13,38.0,34.0
COLORADO RIVER,2013-05-01,6,5,0.0,35.0
NORTH COAST,2013-06-01,18,13,90.6,78.0
SAN FRANCISCO BAY,2013-06-01,6,5,195.9,77.0
CENTRAL COAST,2013-06-01,10,6,22.0,57.0
SOUTH COAST,2013-06-01,12,12,9.5,48.0
SACRAMENTO RIVER,2013-06-01,37,36,187.8,83.0
SAN JOAQUIN RIVER,2013-06-01,24,20,83.2,69.0
TULARE LAKE,2013-06-01,29,26,30.3,55.0
NORTH LAHONTAN,2013-06-01,13,10,65.5,69.0
SOUTH LAHONTAN,2013-06-01,15,13,4.1,43.0
COLORADO RIVER,2013-06-01,6,6,0.0,35.0
NORTH COAST,2013-07-01,18,12,73.3,80.0
SAN FRANCISCO BAY,2013-07-01,6,5,0.0,77.0
CENTRAL COAST,2013-07-01,10,7,56.4,57.0
SOUTH COAST,2013-07-01,12,11,265.1,49.0
SACRAMENTO RIVER,2013-07-01,37,36,14.7,83.0
SAN JOAQUIN RIVER,2013-07-01,24,20,25.7,69.0
TULARE LAKE,2013-07-01,29,25,191.8,56.0
NORTH LAHONTAN,2013-07-01,13,10,140.5,73.0
SOUTH LAHONTAN,2013-07-01,15,12,393.4,61.0
COLORADO RIVER,2013-07-01,6,5,184.2,44.0
NORTH COAST,2013-08-01,18,13,120.4,81.0
SAN FRANCISCO BAY,2013-08-01,6,5,42.1,77.0
CENTRAL COAST,2013-08-01,10,6,19.5,57.0
SOUTH COAST,2013-08-01,12,11,57.7,50.0
SACRAMENTO RIVER,2013-08-01,37,33,25.2,84.0
SAN JOAQUIN RIVER,2013-08-01,24,19,1.0,69.0
TULARE LAKE,2013-08-01,29,25,213.0,58.0
NORTH LAHONTAN,2013-08-01,13,10,123.6,75.0
SOUTH LAHONTAN,2013-08-01,15,6,113.4,77.0
COLORADO RIVER,2013-08-01,6,6,180.2,68.0
NORTH COAST,2013-09-01,18,13,392.7,90.0
SAN FRANCISCO BAY,2013-09-01,6,5,305.4,79.0
CENTRAL COAST,2013-09-01,10,6,30.1,58.0
SOUTH COAST,2013-09-01,12,12,27.0,50.0
SACRAMENTO RIVER,2013-09-01,37,32,303.2,88.0
SAN JOAQUIN RIVER,2013-09-01,24,19,126.3,71.0
TULARE LAKE,2013-09-01,29,28,19.7,58.0
NORTH LAHONTAN,2013-09-01,13,11,130.1,79.0
SOUTH LAHONTAN,2013-09-01,15,13,52.0,83.0
COLORADO RIVER,2013-09-01,6,6,101.5,79.0
NORTH COAST,2013-10-01,18,15,1.6,0.0
SAN FRANCISCO BAY,2013-10-01,6,6,0.1,0.0
CENTRAL COAST,2013-10-01,10,9,35.7,1.0
SOUTH COAST,2013-10-01,12,12,128.2,5.0
SACRAMENTO RIVER,2013-10-01,37,36,17.7,1.0
SAN JOAQUIN RIVER,2013-10-01,24,24,29.4,1.0
TULARE LAKE,2013-10-01,29,29,68.3,3.0
NORTH LAHONTAN,2013-10-01,13,13,45.6,3.0
SOUTH LAHONTAN,2013-10-01,15,14,58.5,3.0
COLORADO RIVER,2013-10-01,6,6,16.0,1.0
NORTH COAST,2013-11-01,18,15,27.0,4.0
SAN FRANCISCO BAY,2013-11-01,6,6,34.2,4.0
CENTRAL COAST,2013-11-01,10,9,29.5,4.0
SOUTH COAST,2013-11-01,12,12,51.9,10.0
SACRAMENTO RIVER,2013-11-01,37,35,27.8,4.0
SAN JOAQUIN RIVER,2013-11-01,24,23,32.7,5.0
TULARE LAKE,2013-11-01,29,29,33.1,6.0
NORTH LAHONTAN,2013-11-01,13,13,20.4,5.0
SOUTH LAHONTAN,2013-11-01,15,13,109.5,13.0
COLORADO RIVER,2013-11-01,6,5,300.9,20.0
NORTH COAST,2013-12-01,18,15,9.5,6.0
SAN FRANCISCO BAY,2013-12-01,6,6,12.2,7.0
CENTRAL COAST,2013-12-01,10,9,7.4,5.0
SOUTH COAST,2013-12-01,12,12,20.1,14.0
SACRAMENTO RIVER,2013-12-01,37,37,9.2,6.0
SAN JOAQUIN RIVER,2013-12-01,24,24,15.9,8.0
TULARE LAKE,2013-12-01,29,29,18.1,9.0
NORTH LAHONTAN,2013-12-01,13,13,25.1,9.0
SOUTH LAHONTAN,2013-12-01,15,14,7.3,14.0
COLORADO RIVER,2013-12-01,6,5,2.5,20.0
NORTH COAST,2014-01-01,18,15,16.8,9.0
SAN FRANCISCO BAY,2014-01-01,6,6,3.2,7.0
CENTRAL COAST,2014-01-01,10,9,3.9,7.0
SOUTH COAST,2014-01-01,12,12,2.5,14.0
SACRAMENTO RIVER,2014-01-01,37,36,12.5,8.0
SAN JOAQUIN RIVER,2014-01-01,24,24,18.6,11.0
TULARE LAKE,2014-01-01,29,29,17.8,12.0
NORTH LAHONTAN,2014-01-01,13,13,39.8,16.0
SOUTH LAHONTAN,2014-01-01,15,13,7.3,16.0
COLORADO RIVER,2014-01-01,6,6,0.0,20.0
NORTH COAST,2014-02-01,18,15,139.6,29.0
SAN FRANCISCO BAY,2014-02-01,6,6,178.4,37.0
CENTRAL COAST,2014-02-01,10,8,120.5,29.0
SOUTH COAST,2014-02-01,12,11,70.2,28.0
SACRAMENTO RIVER,2014-02-01,37,36,145.0,32.0
SAN JOAQUIN RIVER,2014-02-01,24,23,107.9,29.0
TULARE LAKE,2014-02-01,29,29,79.6,26.0
NORTH LAHONTAN,2014-02-01,13,13,131.9,34.0
SOUTH LAHONTAN,2014-02-01,15,14,54.0,25.0
COLORADO RIVER,2014-02-01,6,6,11.9,23.0
NORTH COAST,2014-03-01,18,15,136.8,46.0
SAN FRANCISCO BAY,2014-03-01,6,6,90.3,49.0
CENTRAL COAST,2014-03-01,10,9,73.2,40.0
SOUTH COAST,2014-03-01,12,12,50.1,36.0
SACRAMENTO RIVER,2014-03-01,37,34,128.9,48.0
SAN JOAQUIN RIVER,2014-03-01,24,23,72.2,40.0
TULARE LAKE,2014-03-01,29,29,58.4,35.0
NORTH LAHONTAN,2014-03-01,13,12,117.6,47.0
SOUTH LAHONTAN,2014-03-01,15,13,107.3,37.0
COLORADO RIVER,2014-03-01,6,5,26.0,25.0
NORTH COAST,2014-04-01,18,14,47.6,48.0
SAN FRANCISCO BAY,2014-04-01,6,6,102.4,57.0
CENTRAL COAST,2014-04-01,10,9,62.1,44.0
SOUTH COAST,2014-04-01,12,11,41.6,40.0
SACRAMENTO RIVER,2014-04-01,37,35,69.7,54.0
SAN JOAQUIN RIVER,2014-04-01,24,21,74.0,47.0
TULARE LAKE,2014-04-01,29,29,99.1,45.0
NORTH LAHONTAN,2014-04-01,13,13,53.8,50.0
SOUTH LAHONTAN,2014-04-01,15,13,56.5,41.0
COLORADO RIVER,2014-04-01,6,5,18.8,25.0
NORTH COAST,2014-05-01,18,15,49.2,52.0
SAN FRANCISCO BAY,2014-05-01,6,5,7.1,56.0
CENTRAL COAST,2014-05-01,10,8,6.8,45.0
SOUTH COAST,2014-05-01,12,12,7.2,40.0
SACRAMENTO RIVER,2014-05-01,37,31,38.4,55.0
SAN JOAQUIN RIVER,2014-05-01,24,19,23.5,48.0
TULARE LAKE,2014-05-01,29,29,57.6,47.0
NORTH LAHONTAN,2014-05-01,13,10,100.4,58.0
SOUTH LAHONTAN,2014-05-01,15,13,212.2,45.0
COLORADO RIVER,2014-05-01,6,5,10.0,26.0
NORTH COAST,2014-06-01,18,14,30.9,52.0
SAN FRANCISCO BAY,2014-06-01,6,5,1.4,56.0
CENTRAL COAST,2014-06-01,10,7,1.6,46.0
SOUTH COAST,2014-06-01,12,12,0.0,40.0
SACRAMENTO RIVER,2014-06-01,37,30,1.6,54.0
SAN JOAQUIN RIVER,2014-06-01,24,20,6.2,49.0
TULARE LAKE,2014-06-01,29,22,15.1,47.0
NORTH LAHONTAN,2014-06-01,13,11,16.7,59.0
SOUTH LAHONTAN,2014-06-01,15,13,4.4,45.0
COLORADO RIVER,2014-06-01,6,6,0.0,26.0
NORTH COAST,2014-07-01,18,13,64.4,53.0
SAN FRANCISCO BAY,2014-07-01,6,5,16.7,59.0
CENTRAL COAST,2014-07-01,10,7,31.4,46.0
SOUTH COAST,2014-07-01,12,12,203.6,40.0
SACRAMENTO RIVER,2014-07-01,37,36,61.3,55.0
SAN JOAQUIN RIVER,2014-07-01,24,20,233.3,49.0
TULARE LAKE,2014-07-01,29,24,81.6,47.0
NORTH LAHONTAN,2014-07-01,13,11,283.6,65.0
SOUTH LAHONTAN,2014-07-01,15,13,67.9,47.0
COLORADO RIVER,2014-07-01,6,6,182.6,45.0
NORTH COAST,2014-08-01,18,13,19.6,53.0
SAN FRANCISCO BAY,2014-08-01,6,5,16.3,59.0
CENTRAL COAST,2014-08-01,10,7,2.8,46.0
SOUTH COAST,2014-08-01,12,12,97.0,40.0
SACRAMENTO RIVER,2014-08-01,37,29,166.3,56.0
SAN JOAQUIN RIVER,2014-08-01,24,19,21.3,49.0
TULARE LAKE,2014-08-01,29,24,60.2,48.0
NORTH LAHONTAN,2014-08-01,13,12,278.8,71.0
SOUTH LAHONTAN,2014-08-01,15,13,156.0,55.0
COLORADO RIVER,2014-08-01,6,6,214.9,76.0
NORTH COAST,2014-09-01,18,13,278.1,58.0
SAN FRANCISCO BAY,2014-09-01,6,6,233.6,60.0
CENTRAL COAST,2014-09-01,10,7,93.9,48.0
SOUTH COAST,2014-09-01,12,12,20.0,41.0
SACRAMENTO RIVER,2014-09-01,37,35,214.2,59.0
SAN JOAQUIN RIVER,2014-09-01,24,20,158.9,51.0
TULARE LAKE,2014-09-01,29,23,57.0,48.0
NORTH LAHONTAN,2014-09-01,13,11,92.7,73.0
SOUTH LAHONTAN,2014-09-01,15,13,126.5,62.0
COLORADO RIVER,2014-09-01,6,6,57.7,81.0
NORTH COAST,2014-10-01,18,15,152.4,10.0
SAN FRANCISCO BAY,2014-10-01,6,6,68.5,4.0
CENTRAL COAST,2014-10-01,10,9,201.5,7.0
SOUTH COAST,2014-10-01,12,12,46.3,1.0
SACRAMENTO RIVER,2014-10-01,37,34,76.1,5.0
SAN JOAQUIN RIVER,2014-10-01,24,23,41.4,2.0
TULARE LAKE,2014-10-01,29,23,28.2,1.0
NORTH LAHONTAN,2014-10-01,13,13,47.5,4.0
SOUTH LAHONTAN,2014-10-01,15,14,0.3,0.0
COLORADO RIVER,2014-10-01,6,6,6.7,1.0
NORTH COAST,2014-11-01,18,14,71.6,20.0
SAN FRANCISCO BAY,2014-11-01,6,6,91.7,15.0
CENTRAL COAST,2014-11-01,10,9,87.9,16.0
SOUTH COAST,2014-11-01,12,12,34.6,5.0
SACRAMENTO RIVER,2014-11-01,37,34,70.7,14.0
SAN JOAQUIN RIVER,2014-11-01,24,22,73.1,11.0
TULARE LAKE,2014-11-01,29,21,57.7,7.0
NORTH LAHONTAN,2014-11-01,13,12,60.8,11.0
SOUTH LAHONTAN,2014-11-01,15,13,12.7,1.0
COLORADO RIVER,2014-11-01,6,6,6.8,1.0
NORTH COAST,2014-12-01,18,14,148.9,48.0
SAN FRANCISCO BAY,2014-12-01,6,6,249.6,62.0
CENTRAL COAST,2014-12-01,10,9,202.4,53.0
SOUTH COAST,2014-12-01,12,11,179.8,34.0
SACRAMENTO RIVER,2014-12-01,37,35,191.2,47.0
SAN JOAQUIN RIVER,2014-12-01,24,22,128.9,32.0
TULARE LAKE,2014-12-01,29,24,115.8,27.0
NORTH LAHONTAN,2014-12-01,13,12,104.3,26.0
SOUTH LAHONTAN,2014-12-01,15,13,178.7,26.0
COLORADO RIVER,2014-12-01,6,5,87.3,12.0
NORTH COAST,2015-01-01,18,14,20.1,52.0
SAN FRANCISCO BAY,2015-01-01,6,6,0.4,62.0
CENTRAL COAST,2015-01-01,10,9,9.1,55.0
SOUTH COAST,2015-01-01,12,12,33.3,41.0
SACRAMENTO RIVER,2015-01-01,37,34,11.7,48.0
SAN JOAQUIN RIVER,2015-01-01,24,22,1.8,33.0
TULARE LAKE,2015-01-01,29,26,9.1,28.0
NORTH LAHONTAN,2015-01-01,13,12,4.1,27.0
SOUTH LAHONTAN,2015-01-01,15,13,132.5,47.0
COLORADO RIVER,2015-01-01,6,6,89.3,24.0
NORTH COAST,2015-02-01,18,14,131.5,70.0
SAN FRANCISCO BAY,2015-02-01,6,6,65.1,73.0
CENTRAL COAST,2015-02-01,10,7,43.0,65.0
SOUTH COAST,2015-02-01,12,12,23.7,45.0
SACRAMENTO RIVER,2015-02-01,37,33,92.1,63.0
SAN JOAQUIN RIVER,2015-02-01,24,20,70.5,45.0
TULARE LAKE,2015-02-01,29,29,68.9,41.0
NORTH LAHONTAN,2015-02-01,13,12,105.7,42.0
SOUTH LAHONTAN,2015-02-01,15,13,69.3,57.0
COLORADO RIVER,2015-02-01,6,6,29.8,27.0
NORTH COAST,2015-03-01,18,14,40.8,75.0
SAN FRANCISCO BAY,2015-03-01,6,6,6.3,73.0
CENTRAL COAST,2015-03-01,10,7,12.5,70.0
SOUTH COAST,2015-03-01,12,11,29.6,51.0
SACRAMENTO RIVER,2015-03-01,37,32,20.8,64.0
SAN JOAQUIN RIVER,2015-03-01,24,21,11.3,46.0
TULARE LAKE,2015-03-01,29,29,11.3,42.0
NORTH LAHONTAN,2015-03-01,13,12,23.1,44.0
SOUTH LAHONTAN,2015-03-01,15,13,21.4,59.0
COLORADO RIVER,2015-03-01,6,5,195.1,42.0
NORTH COAST,2015-04-01,18,14,67.9,80.0
SAN FRANCISCO BAY,2015-04-01,6,6,78.5,79.0
CENTRAL COAST,2015-04-01,10,5,65.8,72.0
SOUTH COAST,2015-04-01,12,11,17.7,52.0
SACRAMENTO RIVER,2015-04-01,37,33,70.2,70.0
SAN JOAQUIN RIVER,2015-04-01,24,21,77.1,54.0
TULARE LAKE,2015-04-01,29,27,46.8,48.0
NORTH LAHONTAN,2015-04-01,13,11,77.6,48.0
SOUTH LAHONTAN,2015-04-01,15,13,22.9,61.0
COLORADO RIVER,2015-04-01,6,5,56.0,43.0
NORTH COAST,2015-05-01,18,10,44.6,81.0
SAN FRANCISCO BAY,2015-05-01,6,5,26.8,81.0
CENTRAL COAST,2015-05-01,10,5,51.0,73.0
SOUTH COAST,2015-05-01,12,9,367.6,60.0
SACRAMENTO RIVER,2015-05-01,37,30,78.9,73.0
SAN JOAQUIN RIVER,2015-05-01,24,18,63.6,54.0
TULARE LAKE,2015-05-01,29,28,145.4,54.0
NORTH LAHONTAN,2015-05-01,13,10,286.0,66.0
SOUTH LAHONTAN,2015-05-01,15,12,149.2,65.0
COLORADO RIVER,2015-05-01,6,4,2055.2,52.0
NORTH COAST,2015-06-01,18,11,32.8,81.0
SAN FRANCISCO BAY,2015-06-01,6,5,83.1,82.0
CENTRAL COAST,2015-06-01,10,5,200.8,74.0
SOUTH COAST,2015-06-01,12,9,297.7,61.0
SACRAMENTO RIVER,2015-06-01,37,33,63.2,74.0
SAN JOAQUIN RIVER,2015-06-01,24,20,39.3,55.0
TULARE LAKE,2015-06-01,29,27,170.7,53.0
NORTH LAHONTAN,2015-06-01,13,10,99.6,69.0
SOUTH LAHONTAN,2015-06-01,15,12,68.8,66.0
COLORADO RIVER,2015-06-01,6,5,131.7,53.0
NORTH COAST,2015-07-01,18,11,257.1,83.0
SAN FRANCISCO BAY,2015-07-01,6,6,52.1,82.0
CENTRAL COAST,2015-07-01,10,5,652.2,75.0
SOUTH COAST,2015-07-01,12,9,3303.3,68.0
SACRAMENTO RIVER,2015-07-01,37,34,230.1,76.0
SAN JOAQUIN RIVER,2015-07-01,24,20,382.1,56.0
TULARE LAKE,2015-07-01,29,28,1334.1,56.0
NORTH LAHONTAN,2015-07-01,13,9,403.6,75.0
SOUTH LAHONTAN,2015-07-01,15,12,1082.5,79.0
COLORADO RIVER,2015-07-01,6,2,176.7,53.0
NORTH COAST,2015-08-01,18,11,95.9,83.0
SAN FRANCISCO BAY,2015-08-01,6,6,15.7,82.0
CENTRAL COAST,2015-08-01,10,5,16.7,75.0
SOUTH COAST,2015-08-01,12,9,7.1,68.0
SACRAMENTO RIVER,2015-08-01,37,32,18.9,76.0
SAN JOAQUIN RIVER,2015-08-01,24,20,22.2,56.0
TULARE LAKE,2015-08-01,29,28,17.7,56.0
NORTH LAHONTAN,2015-08-01,13,9,54.8,77.0
SOUTH LAHONTAN,2015-08-01,15,12,15.1,79.0
COLORADO RIVER,2015-08-01,6,2,4.1,54.0
NORTH COAST,2015-09-01,18,10,53.2,84.0
SAN FRANCISCO BAY,2015-09-01,6,6,61.9,82.0
CENTRAL COAST,2015-09-01,10,3,11.6,72.0
SOUTH COAST,2015-09-01,12,9,398.5,76.0
SACRAMENTO RIVER,2015-09-01,37,30,46.4,77.0
SAN JOAQUIN RIVER,2015-09-01,24,18,18.7,54.0
TULARE LAKE,2015-09-01,29,18,105.8,63.0
NORTH LAHONTAN,2015-09-01,13,8,47.6,80.0
SOUTH LAHONTAN,2015-09-01,15,12,48.0,82.0
COLORADO RIVER,2015-09-01,6,2,25.3,56.0
NORTH COAST,2015-10-01,18,15,26.9,2.0
SAN FRANCISCO BAY,2015-10-01,6,6,12.1,1.0
CENTRAL COAST,2015-10-01,10,8,32.9,1.0
SOUTH COAST,2015-10-01,12,12,78.1,2.0
SACRAMENTO RIVER,2015-10-01,37,37,42.8,3.0
SAN JOAQUIN RIVER,2015-10-01,24,23,98.2,5.0
TULARE LAKE,2015-10-01,29,29,176.5,6.0
NORTH LAHONTAN,2015-10-01,13,12,88.1,5.0
SOUTH LAHONTAN,2015-10-01,15,13,427.4,22.0
COLORADO RIVER,2015-10-01,6,5,175.6,13.0
NORTH COAST,2015-11-01,18,16,48.4,9.0
SAN FRANCISCO BAY,2015-11-01,6,6,73.1,10.0
CENTRAL COAST,2015-11-01,10,8,99.4,11.0
SOUTH COAST,2015-11-01,12,12,46.2,7.0
SACRAMENTO RIVER,2015-11-01,37,36,75.1,12.0
SAN JOAQUIN RIVER,2015-11-01,24,22,122.2,19.0
TULARE LAKE,2015-11-01,29,29,146.0,21.0
NORTH LAHONTAN,2015-11-01,13,12,94.9,16.0
SOUTH LAHONTAN,2015-11-01,15,13,17.1,23.0
COLORADO RIVER,2015-11-01,6,5,8.4,13.0
NORTH COAST,2015-12-01,18,14,173.9,41.0
SAN FRANCISCO BAY,2015-12-01,6,6,112.0,30.0
CENTRAL COAST,2015-12-01,10,8,75.6,26.0
SOUTH COAST,2015-12-01,12,12,45.8,14.0
SACRAMENTO RIVER,2015-12-01,37,35,122.4,33.0
SAN JOAQUIN RIVER,2015-12-01,24,23,126.8,40.0
TULARE LAKE,2015-12-01,29,29,121.8,41.0
NORTH LAHONTAN,2015-12-01,13,12,145.7,37.0
SOUTH LAHONTAN,2015-12-01,15,13,23.6,27.0
COLORADO RIVER,2015-12-01,6,5,4.8,14.0
NORTH COAST,2016-01-01,18,14,151.9,71.0
SAN FRANCISCO BAY,2016-01-01,6,6,151.5,63.0
CENTRAL COAST,2016-01-01,10,8,158.1,59.0
SOUTH COAST,2016-01-01,14,13,118.2,37.0
SACRAMENTO RIVER,2016-01-01,42,37,154.9,64.0
SAN JOAQUIN RIVER,2016-01-01,24,23,154.4,68.0
TULARE LAKE,2016-01-01,29,28,152.4,71.0
NORTH LAHONTAN,2016-01-01,13,12,114.9,58.0
SOUTH LAHONTAN,2016-01-01,17,13,104.7,43.0
COLORADO RIVER,2016-01-01,6,5,171.9,40.0
NORTH COAST,2016-02-01,18,13,45.6,78.0
SAN FRANCISCO BAY,2016-02-01,6,5,29.8,66.0
CENTRAL COAST,2016-02-01,10,9,30.3,64.0
SOUTH COAST,2016-02-01,14,13,12.1,40.0
SACRAMENTO RIVER,2016-02-01,42,37,34.6,69.0
SAN JOAQUIN RIVER,2016-02-01,24,21,26.6,72.0
TULARE LAKE,2016-02-01,29,28,39.1,78.0
NORTH LAHONTAN,2016-02-01,13,12,46.7,64.0
SOUTH LAHONTAN,2016-02-01,17,13,48.4,52.0
COLORADO RIVER,2016-02-01,6,5,1.1,40.0
NORTH COAST,2016-03-01,18,14,194.9,102.0
SAN FRANCISCO BAY,2016-03-01,6,5,225.0,97.0
CENTRAL COAST,2016-03-01,10,9,168.9,89.0
SOUTH COAST,2016-03-01,14,12,59.1,49.0
SACRAMENTO RIVER,2016-03-01,42,36,223.4,98.0
SAN JOAQUIN RIVER,2016-03-01,24,21,159.2,96.0
TULARE LAKE,2016-03-01,29,28,106.1,94.0
NORTH LAHONTAN,2016-03-01,13,11,162.7,83.0
SOUTH LAHONTAN,2016-03-01,17,13,45.2,57.0
COLORADO RIVER,2016-03-01,6,4,4.8,36.0
NORTH COAST,2016-04-01,18,14,76.3,107.0
SAN FRANCISCO BAY,2016-04-01,6,6,72.9,103.0
CENTRAL COAST,2016-04-01,10,9,38.2,92.0
SOUTH COAST,2016-04-01,14,12,37.8,53.0
SACRAMENTO RIVER,2016-04-01,42,36,73.2,104.0
SAN JOAQUIN RIVER,2016-04-01,24,21,99.1,105.0
TULARE LAKE,2016-04-01,29,27,80.9,102.0
NORTH LAHONTAN,2016-04-01,13,10,183.4,96.0
SOUTH LAHONTAN,2016-04-01,17,13,200.4,71.0
COLORADO RIVER,2016-04-01,6,4,295.1,48.0
NORTH COAST,2016-05-01,18,11,44.0,108.0
SAN FRANCISCO BAY,2016-05-01,6,3,23.5,88.0
CENTRAL COAST,2016-05-01,10,9,30.8,92.0
SOUTH COAST,2016-05-01,14,10,133.2,59.0
SACRAMENTO RIVER,2016-05-01,42,34,93.8,108.0
SAN JOAQUIN RIVER,2016-05-01,24,16,78.1,112.0
TULARE LAKE,2016-05-01,29,26,99.1,105.0
NORTH LAHONTAN,2016-05-01,13,11,213.4,110.0
SOUTH LAHONTAN,2016-05-01,17,12,85.1,96.0
COLORADO RIVER,2016-05-01,6,3,38.6,50.0
NORTH COAST,2016-06-01,18,10,70.5,110.0
SAN FRANCISCO BAY,2016-06-01,6,6,88.1,88.0
CENTRAL COAST,2016-06-01,10,9,3.4,92.0
SOUTH COAST,2016-06-01,14,12,10.4,59.0
SACRAMENTO RIVER,2016-06-01,42,32,54.1,108.0
SAN JOAQUIN RIVER,2016-06-01,24,15,45.8,118.0
TULARE LAKE,2016-06-01,29,25,102.7,109.0
NORTH LAHONTAN,2016-06-01,13,9,40.3,111.0
SOUTH LAHONTAN,2016-06-01,17,12,175.0,99.0
COLORADO RIVER,2016-06-01,6,6,22.2,50.0
NORTH COAST,2016-07-01,18,11,142.5,112.0
SAN FRANCISCO BAY,2016-07-01,6,6,0.0,88.0
CENTRAL COAST,2016-07-01,10,9,1.1,92.0
SOUTH COAST,2016-07-01,14,12,1.8,59.0
SACRAMENTO RIVER,2016-07-01,42,32,5.2,108.0
SAN JOAQUIN RIVER,2016-07-01,24,17,0.0,118.0
TULARE LAKE,2016-07-01,29,25,105.5,110.0
NORTH LAHONTAN,2016-07-01,13,10,32.2,113.0
SOUTH LAHONTAN,2016-07-01,17,12,36.1,102.0
COLORADO RIVER,2016-07-01,6,3,0.0,50.0
NORTH COAST,2016-08-01,18,11,34.0,112.0
SAN FRANCISCO BAY,2016-08-01,6,6,0.0,88.0
CENTRAL COAST,2016-08-01,10,9,97.5,93.0
SOUTH COAST,2016-08-01,14,12,0.0,59.0
SACRAMENTO RIVER,2016-08-01,42,32,4.3,108.0
SAN JOAQUIN RIVER,2016-08-01,24,19,0.9,118.0
TULARE LAKE,2016-08-01,29,25,72.3,110.0
NORTH LAHONTAN,2016-08-01,13,9,28.0,113.0
SOUTH LAHONTAN,2016-08-01,17,12,8.2,102.0
COLORADO RIVER,2016-08-01,6,3,0.0,50.0
NORTH COAST,2016-09-01,18,11,0.2,112.0
SAN FRANCISCO BAY,2016-09-01,6,6,0.0,88.0
CENTRAL COAST,2016-09-01,10,9,1.9,93.0
SOUTH COAST,2016-09-01,14,11,49.9,60.0
SACRAMENTO RIVER,2016-09-01,42,33,5.1,109.0
SAN JOAQUIN RIVER,2016-09-01,24,20,3.4,118.0
TULARE LAKE,2016-09-01,29,25,12.9,110.0
NORTH LAHONTAN,2016-09-01,13,10,11.4,113.0
SOUTH LAHONTAN,2016-09-01,17,12,3.0,102.0
COLORADO RIVER,2016-09-01,6,3,111.2,59.0
NORTH COAST,2016-10-01,20,16,383.3,26.0
SAN FRANCISCO BAY,2016-10-01,6,6,306.7,17.0
CENTRAL COAST,2016-10-01,10,10,303.1,12.0
SOUTH COAST,2016-10-01,14,13,103.4,3.0
SACRAMENTO RIVER,2016-10-01,42,39,362.8,22.0
SAN JOAQUIN RIVER,2016-10-01,25,24,361.6,18.0
TULARE LAKE,2016-10-01,29,28,137.8,5.0
NORTH LAHONTAN,2016-10-01,13,12,368.8,23.0
SOUTH LAHONTAN,2016-10-01,17,15,129.4,7.0
COLORADO RIVER,2016-10-01,6,5,26.3,1.0
NORTH COAST,2016-11-01,20,16,102.9,40.0
SAN FRANCISCO BAY,2016-11-01,6,6,93.3,28.0
CENTRAL COAST,2016-11-01,10,10,75.0,20.0
SOUTH COAST,2016-11-01,14,13,75.1,11.0
SACRAMENTO RIVER,2016-11-01,42,39,90.7,33.0
SAN JOAQUIN RIVER,2016-11-01,25,24,76.8,27.0
TULARE LAKE,2016-11-01,29,24,73.1,13.0
NORTH LAHONTAN,2016-11-01,13,12,47.6,28.0
SOUTH LAHONTAN,2016-11-01,17,15,23.8,9.0
COLORADO RIVER,2016-11-01,6,5,21.2,2.0
NORTH COAST,2016-12-01,20,15,98.3,57.0
SAN FRANCISCO BAY,2016-12-01,6,6,114.2,49.0
CENTRAL COAST,2016-12-01,10,9,92.3,37.0
SOUTH COAST,2016-12-01,14,13,237.5,48.0
SACRAMENTO RIVER,2016-12-01,42,38,122.5,53.0
SAN JOAQUIN RIVER,2016-12-01,25,23,127.4,48.0
TULARE LAKE,2016-12-01,29,23,167.6,40.0
NORTH LAHONTAN,2016-12-01,13,12,147.4,51.0
SOUTH LAHONTAN,2016-12-01,17,15,104.0,23.0
COLORADO RIVER,2016-12-01,6,5,261.5,36.0
NORTH COAST,2017-01-01,20,15,174.3,90.0
SAN FRANCISCO BAY,2017-01-01,6,6,256.9,104.0
CENTRAL COAST,2017-01-01,10,10,243.9,87.0
SOUTH COAST,2017-01-01,14,13,266.4,100.0
SACRAMENTO RIVER,2017-01-01,42,39,244.8,101.0
SAN JOAQUIN RIVER,2017-01-01,25,23,292.7,102.0
TULARE LAKE,2017-01-01,29,24,362.7,111.0
NORTH LAHONTAN,2017-01-01,13,12,296.7,104.0
SOUTH LAHONTAN,2017-01-01,17,15,302.4,76.0
COLORADO RIVER,2017-01-01,6,5,237.0,72.0
NORTH COAST,2017-02-01,20,15,213.0,121.0
SAN FRANCISCO BAY,2017-02-01,6,6,269.6,149.0
CENTRAL COAST,2017-02-01,10,10,235.2,133.0
SOUTH COAST,2017-02-01,14,10,143.8,130.0
SACRAMENTO RIVER,2017-02-01,42,39,269.3,144.0
SAN JOAQUIN RIVER,2017-02-01,25,24,254.3,145.0
TULARE LAKE,2017-02-01,29,25,205.7,146.0
NORTH LAHONTAN,2017-02-01,13,12,316.1,154.0
SOUTH LAHONTAN,2017-02-01,17,16,182.5,110.0
COLORADO RIVER,2017-02-01,6,5,186.8,96.0
NORTH COAST,2017-03-01,20,15,127.6,137.0
SAN FRANCISCO BAY,2017-03-01,6,6,116.0,165.0
CENTRAL COAST,2017-03-01,10,10,74.3,144.0
SOUTH COAST,2017-03-01,14,13,9.3,131.0
SACRAMENTO RIVER,2017-03-01,42,39,104.4,157.0
SAN JOAQUIN RIVER,2017-03-01,25,24,78.2,157.0
TULARE LAKE,2017-03-01,29,27,54.3,154.0
NORTH LAHONTAN,2017-03-01,13,10,134.9,160.0
SOUTH LAHONTAN,2017-03-01,17,14,22.1,113.0
COLORADO RIVER,2017-03-01,6,5,4.8,96.0
NORTH COAST,2017-04-01,20,16,192.5,150.0
SAN FRANCISCO BAY,2017-04-01,6,6,144.4,176.0
CENTRAL COAST,2017-04-01,10,9,91.3,155.0
SOUTH COAST,2017-04-01,14,13,9.5,132.0
SACRAMENTO RIVER,2017-04-01,42,39,230.5,175.0
SAN JOAQUIN RIVER,2017-04-01,25,24,164.2,172.0
TULARE LAKE,2017-04-01,29,28,108.6,165.0
NORTH LAHONTAN,2017-04-01,13,11,287.2,177.0
SOUTH LAHONTAN,2017-04-01,17,14,67.1,117.0
COLORADO RIVER,2017-04-01,6,5,0.0,96.0
NORTH COAST,2017-05-01,20,15,47.0,152.0
SAN FRANCISCO BAY,2017-05-01,6,4,3.4,177.0
CENTRAL COAST,2017-05-01,10,9,39.1,156.0
SOUTH COAST,2017-05-01,14,13,209.5,136.0
SACRAMENTO RIVER,2017-05-01,42,39,29.5,176.0
SAN JOAQUIN RIVER,2017-05-01,25,23,29.3,173.0
TULARE LAKE,2017-05-01,29,28,49.9,167.0
NORTH LAHONTAN,2017-05-01,13,11,70.4,180.0
SOUTH LAHONTAN,2017-05-01,17,13,63.1,122.0
COLORADO RIVER,2017-05-01,6,4,780.6,105.0
NORTH COAST,2017-06-01,19,12,111.7,154.0
SAN FRANCISCO BAY,2017-06-01,6,4,202.2,179.0
CENTRAL COAST,2017-06-01,10,9,35.9,156.0
SOUTH COAST,2017-06-01,14,13,8.3,136.0
SACRAMENTO RIVER,2017-06-01,42,39,110.7,178.0
SAN JOAQUIN RIVER,2017-06-01,25,23,69.1,174.0
TULARE LAKE,2017-06-01,29,28,118.6,168.0
NORTH LAHONTAN,2017-06-01,13,10,45.3,187.0
SOUTH LAHONTAN,2017-06-01,17,13,6.8,122.0
COLORADO RIVER,2017-06-01,6,4,0.0,105.0
NORTH COAST,2017-07-01,20,15,33.1,154.0
SAN FRANCISCO BAY,2017-07-01,6,5,0.0,179.0
CENTRAL COAST,2017-07-01,10,9,13.3,156.0
SOUTH COAST,2017-07-01,14,13,49.9,137.0
SACRAMENTO RIVER,2017-07-01,42,39,14.4,179.0
SAN JOAQUIN RIVER,2017-07-01,25,25,0.5,174.0
TULARE LAKE,2017-07-01,29,27,111.5,167.0
NORTH LAHONTAN,2017-07-01,13,11,108.5,188.0
SOUTH LAHONTAN,2017-07-01,17,13,8.5,122.0
COLORADO RIVER,2017-07-01,6,4,14.4,106.0
NORTH COAST,2017-08-01,20,12,20.7,154.0
SAN FRANCISCO BAY,2017-08-01,6,4,5.0,179.0
CENTRAL COAST,2017-08-01,10,9,13.5,156.0
SOUTH COAST,2017-08-01,14,13,47.5,137.0
SACRAMENTO RIVER,2017-08-01,42,39,29.6,179.0
SAN JOAQUIN RIVER,2017-08-01,25,24,70.3,174.0
TULARE LAKE,2017-08-01,29,27,270.9,168.0
NORTH LAHONTAN,2017-08-01,13,10,245.9,193.0
SOUTH LAHONTAN,2017-08-01,17,13,80.1,125.0
COLORADO RIVER,2017-08-01,6,4,92.9,118.0
NORTH COAST,2017-09-01,20,15,78.7,155.0
SAN FRANCISCO BAY,2017-09-01,6,5,74.7,180.0
CENTRAL COAST,2017-09-01,10,9,71.1,157.0
SOUTH COAST,2017-09-01,14,12,33.6,131.0
SACRAMENTO RIVER,2017-09-01,42,39,85.2,180.0
SAN JOAQUIN RIVER,2017-09-01,25,25,77.6,176.0
TULARE LAKE,2017-09-01,29,27,161.1,171.0
NORTH LAHONTAN,2017-09-01,13,9,154.2,189.0
SOUTH LAHONTAN,2017-09-01,17,13,98.9,129.0
COLORADO RIVER,2017-09-01,6,4,136.9,129.0
NORTH COAST,2017-10-01,20,15,48.3,3.0
SAN FRANCISCO BAY,2017-10-01,6,6,18.0,1.0
CENTRAL COAST,2017-10-01,10,10,7.2,0.0
SOUTH COAST,2017-10-01,14,12,6.6,0.0
SACRAMENTO RIVER,2017-10-01,42,38,30.0,2.0
SAN JOAQUIN RIVER,2017-10-01,25,24,22.9,1.0
TULARE LAKE,2017-10-01,29,27,9.4,1.0
NORTH LAHONTAN,2017-10-01,13,12,30.4,2.0
SOUTH LAHONTAN,2017-10-01,17,13,0.6,0.0
COLORADO RIVER,2017-10-01,6,4,0.0,0.0
NORTH COAST,2017-11-01,20,16,118.3,19.0
SAN FRANCISCO BAY,2017-11-01,6,6,125.3,16.0
CENTRAL COAST,2017-11-01,10,10,49.5,6.0
SOUTH COAST,2017-11-01,14,12,4.0,1.0
SACRAMENTO RIVER,2017-11-01,42,38,170.7,22.0
SAN JOAQUIN RIVER,2017-11-01,25,24,110.6,14.0
TULARE LAKE,2017-11-01,29,28,56.8,6.0
NORTH LAHONTAN,2017-11-01,13,12,211.2,26.0
SOUTH LAHONTAN,2017-11-01,17,13,28.6,3.0
COLORADO RIVER,2017-11-01,6,4,0.0,0.0
NORTH COAST,2017-12-01,20,16,13.3,22.0
SAN FRANCISCO BAY,2017-12-01,6,5,1.8,15.0
CENTRAL COAST,2017-12-01,10,10,2.6,6.0
SOUTH COAST,2017-12-01,14,12,1.0,1.0
SACRAMENTO RIVER,2017-12-01,42,38,8.6,24.0
SAN JOAQUIN RIVER,2017-12-01,25,24,5.5,15.0
TULARE LAKE,2017-12-01,29,28,3.7,7.0
NORTH LAHONTAN,2017-12-01,13,12,11.3,28.0
SOUTH LAHONTAN,2017-12-01,17,13,0.3,3.0
COLORADO RIVER,2017-12-01,6,4,0.0,0.0
NORTH COAST,2018-01-01,20,16,90.2,40.0
SAN FRANCISCO BAY,2018-01-01,6,6,92.5,35.0
CENTRAL COAST,2018-01-01,10,8,82.2,23.0
SOUTH COAST,2018-01-01,14,12,79.0,16.0
SACRAMENTO RIVER,2018-01-01,42,38,84.5,40.0
SAN JOAQUIN RIVER,2018-01-01,25,24,76.7,29.0
TULARE LAKE,2018-01-01,29,28,55.0,17.0
NORTH LAHONTAN,2018-01-01,13,11,58.0,37.0
SOUTH LAHONTAN,2018-01-01,17,13,96.1,18.0
COLORADO RIVER,2018-01-01,6,4,95.9,15.0
NORTH COAST,2018-02-01,20,16,27.9,42.0
SAN FRANCISCO BAY,2018-02-01,6,6,9.7,37.0
CENTRAL COAST,2018-02-01,10,10,7.1,25.0
SOUTH COAST,2018-02-01,14,12,10.8,18.0
SACRAMENTO RIVER,2018-02-01,42,39,17.8,43.0
SAN JOAQUIN RIVER,2018-02-01,25,25,15.3,32.0
TULARE LAKE,2018-02-01,29,28,17.6,20.0
NORTH LAHONTAN,2018-02-01,13,13,31.1,43.0
SOUTH LAHONTAN,2018-02-01,17,14,10.1,19.0
COLORADO RIVER,2018-02-01,6,6,8.0,11.0
NORTH COAST,2018-03-01,20,16,128.5,58.0
SAN FRANCISCO BAY,2018-03-01,6,6,169.2,56.0
CENTRAL COAST,2018-03-01,10,10,196.8,54.0
SOUTH COAST,2018-03-01,14,12,106.2,35.0
SACRAMENTO RIVER,2018-03-01,42,38,193.5,68.0
SAN JOAQUIN RIVER,2018-03-01,25,25,231.3,66.0
TULARE LAKE,2018-03-01,29,28,238.1,57.0
NORTH LAHONTAN,2018-03-01,13,11,200.7,64.0
SOUTH LAHONTAN,2018-03-01,17,14,127.7,38.0
COLORADO RIVER,2018-03-01,6,4,32.2,19.0
NORTH COAST,2018-04-01,20,15,169.4,70.0
SAN FRANCISCO BAY,2018-04-01,6,6,161.7,67.0
CENTRAL COAST,2018-04-01,10,10,82.8,61.0
SOUTH COAST,2018-04-01,14,13,2.2,35.0
SACRAMENTO RIVER,2018-04-01,42,38,147.3,80.0
SAN JOAQUIN RIVER,2018-04-01,25,25,111.8,76.0
TULARE LAKE,2018-04-01,29,28,80.1,64.0
NORTH LAHONTAN,2018-04-01,13,11,143.3,74.0
SOUTH LAHONTAN,2018-04-01,17,13,31.4,40.0
COLORADO RIVER,2018-04-01,6,4,0.0,19.0
NORTH COAST,2018-05-01,20,14,55.0,76.0
SAN FRANCISCO BAY,2018-05-01,6,2,1.3,70.0
CENTRAL COAST,2018-05-01,10,6,52.2,41.0
SOUTH COAST,2018-05-01,14,12,44.5,36.0
SACRAMENTO RIVER,2018-05-01,42,36,83.8,84.0
SAN JOAQUIN RIVER,2018-05-01,25,22,31.0,79.0
TULARE LAKE,2018-05-01,29,28,36.0,65.0
NORTH LAHONTAN,2018-05-01,13,11,217.8,86.0
SOUTH LAHONTAN,2018-05-01,17,12,270.1,47.0
COLORADO RIVER,2018-05-01,6,2,0.0,26.0
NORTH COAST,2018-06-01,20,12,37.6,77.0
SAN FRANCISCO BAY,2018-06-01,6,3,0.0,68.0
CENTRAL COAST,2018-06-01,10,9,2.4,60.0
SOUTH COAST,2018-06-01,14,12,0.0,36.0
SACRAMENTO RIVER,2018-06-01,42,33,18.7,86.0
SAN JOAQUIN RIVER,2018-06-01,25,20,0.0,79.0
TULARE LAKE,2018-06-01,29,28,46.7,66.0
NORTH LAHONTAN,2018-06-01,13,7,17.3,88.0
SOUTH LAHONTAN,2018-06-01,17,12,0.0,47.0
COLORADO RIVER,2018-06-01,6,3,0.0,19.0
NORTH COAST,2018-07-01,20,13,33.0,73.0
SAN FRANCISCO BAY,2018-07-01,6,6,0.0,68.0
CENTRAL COAST,2018-07-01,10,9,3.7,61.0
SOUTH COAST,2018-07-01,14,13,28.1,37.0
SACRAMENTO RIVER,2018-07-01,42,38,24.8,85.0
SAN JOAQUIN RIVER,2018-07-01,25,23,10.7,79.0
TULARE LAKE,2018-07-01,29,28,188.1,66.0
NORTH LAHONTAN,2018-07-01,13,10,85.9,91.0
SOUTH LAHONTAN,2018-07-01,17,13,214.7,53.0
COLORADO RIVER,2018-07-01,6,4,283.5,38.0
NORTH COAST,2018-08-01,20,14,3.0,73.0
SAN FRANCISCO BAY,2018-08-01,6,6,0.0,68.0
CENTRAL COAST,2018-08-01,10,8,0.0,59.0
SOUTH COAST,2018-08-01,14,13,2.7,37.0
SACRAMENTO RIVER,2018-08-01,42,38,1.9,85.0
SAN JOAQUIN RIVER,2018-08-01,25,23,0.0,79.0
TULARE LAKE,2018-08-01,29,28,11.2,66.0
NORTH LAHONTAN,2018-08-01,13,10,61.5,93.0
SOUTH LAHONTAN,2018-08-01,17,13,51.3,55.0
COLORADO RIVER,2018-08-01,6,4,35.0,44.0
NORTH COAST,2018-09-01,20,11,28.9,75.0
SAN FRANCISCO BAY,2018-09-01,6,6,2.2,68.0
CENTRAL COAST,2018-09-01,10,8,0.4,59.0
SOUTH COAST,2018-09-01,14,12,0.6,37.0
SACRAMENTO RIVER,2018-09-01,42,35,1.3,85.0
SAN JOAQUIN RIVER,2018-09-01,25,20,3.3,80.0
TULARE LAKE,2018-09-01,29,27,49.3,69.0
NORTH LAHONTAN,2018-09-01,13,10,1.4,93.0
SOUTH LAHONTAN,2018-09-01,17,13,7.7,55.0
COLORADO RIVER,2018-09-01,6,3,2.3,42.0
NORTH COAST,2018-10-01,20,18,40.5,3.0
SAN FRANCISCO BAY,2018-10-01,6,6,22.2,2.0
CENTRAL COAST,2018-10-01,10,10,33.3,1.0
SOUTH COAST,2018-10-01,14,12,143.6,5.0
SACRAMENTO RIVER,2018-10-01,41,39,39.8,3.0
SAN JOAQUIN RIVER,2018-10-01,25,25,45.3,2.0
TULARE LAKE,2018-10-01,29,28,205.7,6.0
NORTH LAHONTAN,2018-10-01,13,13,47.4,3.0
SOUTH LAHONTAN,2018-10-01,17,15,72.0,3.0
COLORADO RIVER,2018-10-01,6,6,299.5,17.0
NORTH COAST,2018-11-01,20,12,87.6,14.0
SAN FRANCISCO BAY,2018-11-01,6,4,141.0,18.0
CENTRAL COAST,2018-11-01,10,7,167.0,18.0
SOUTH COAST,2018-11-01,14,12,104.6,15.0
SACRAMENTO RIVER,2018-11-01,41,32,105.3,15.0
SAN JOAQUIN RIVER,2018-11-01,25,15,161.4,21.0
TULARE LAKE,2018-11-01,29,19,161.7,19.0
NORTH LAHONTAN,2018-11-01,13,7,180.9,24.0
SOUTH LAHONTAN,2018-11-01,17,8,65.1,9.0
COLORADO RIVER,2018-11-01,6,1,24.1,19.0
NORTH COAST,2018-12-01,20,8,66.0,27.0
SAN FRANCISCO BAY,2018-12-01,6,3,52.3,27.0
CENTRAL COAST,2018-12-01,10,3,50.3,28.0
SOUTH COAST,2018-12-01,14,12,97.2,31.0
SACRAMENTO RIVER,2018-12-01,41,29,61.9,26.0
SAN JOAQUIN RIVER,2018-12-01,25,12,58.9,32.0
TULARE LAKE,2018-12-01,29,14,72.6,33.0
NORTH LAHONTAN,2018-12-01,13,5,90.2,28.0
SOUTH LAHONTAN,2018-12-01,17,11,76.9,19.0
COLORADO RIVER,2018-12-01,6,2,76.5,26.0
NORTH COAST,2019-01-01,20,17,104.8,47.0
SAN FRANCISCO BAY,2019-01-01,6,6,123.5,57.0
CENTRAL COAST,2019-01-01,10,10,137.2,54.0
SOUTH COAST,2019-01-01,14,12,163.0,63.0
SACRAMENTO RIVER,2019-01-01,41,39,131.5,51.0
SAN JOAQUIN RIVER,2019-01-01,25,24,118.9,51.0
TULARE LAKE,2019-01-01,29,28,110.3,51.0
NORTH LAHONTAN,2019-01-01,13,13,138.2,50.0
SOUTH LAHONTAN,2019-01-01,17,15,151.7,45.0
COLORADO RIVER,2019-01-01,6,6,166.4,62.0
NORTH COAST,2019-02-01,20,15,218.4,79.0
SAN FRANCISCO BAY,2019-02-01,6,6,282.2,103.0
CENTRAL COAST,2019-02-01,10,9,248.4,102.0
SOUTH COAST,2019-02-01,14,10,242.0,113.0
SACRAMENTO RIVER,2019-02-01,41,38,265.3,93.0
SAN JOAQUIN RIVER,2019-02-01,25,24,241.7,90.0
TULARE LAKE,2019-02-01,29,28,217.9,91.0
NORTH LAHONTAN,2019-02-01,13,12,283.5,91.0
SOUTH LAHONTAN,2019-02-01,17,16,201.2,81.0
COLORADO RIVER,2019-02-01,6,6,330.0,101.0
NORTH COAST,2019-03-01,20,17,103.0,93.0
SAN FRANCISCO BAY,2019-03-01,6,6,155.7,121.0
CENTRAL COAST,2019-03-01,10,9,139.8,120.0
SOUTH COAST,2019-03-01,14,12,85.5,126.0
SACRAMENTO RIVER,2019-03-01,41,39,139.0,111.0
SAN JOAQUIN RIVER,2019-03-01,25,23,141.4,110.0
TULARE LAKE,2019-03-01,29,28,184.7,117.0
NORTH LAHONTAN,2019-03-01,13,12,136.6,104.0
SOUTH LAHONTAN,2019-03-01,17,16,280.8,112.0
COLORADO RIVER,2019-03-01,6,6,88.9,108.0
NORTH COAST,2019-04-01,20,17,126.5,102.0
SAN FRANCISCO BAY,2019-04-01,6,6,41.4,127.0
CENTRAL COAST,2019-04-01,10,9,23.6,121.0
SOUTH COAST,2019-04-01,14,12,12.0,127.0
SACRAMENTO RIVER,2019-04-01,41,38,87.5,119.0
SAN JOAQUIN RIVER,2019-04-01,25,24,43.3,113.0
TULARE LAKE,2019-04-01,29,28,34.1,121.0
NORTH LAHONTAN,2019-04-01,13,12,102.9,111.0
SOUTH LAHONTAN,2019-04-01,17,15,51.0,115.0
COLORADO RIVER,2019-04-01,6,6,34.3,110.0
NORTH COAST,2019-05-01,20,17,313.3,112.0
SAN FRANCISCO BAY,2019-05-01,6,5,575.2,140.0
CENTRAL COAST,2019-05-01,10,6,554.9,131.0
SOUTH COAST,2019-05-01,14,12,529.1,136.0
SACRAMENTO RIVER,2019-05-01,41,33,331.1,131.0
SAN JOAQUIN RIVER,2019-05-01,25,21,472.0,130.0
TULARE LAKE,2019-05-01,29,26,554.3,139.0
NORTH LAHONTAN,2019-05-01,13,11,191.9,124.0
SOUTH LAHONTAN,2019-05-01,17,13,496.8,129.0
COLORADO RIVER,2019-05-01,6,5,115.8,107.0
NORTH COAST,2019-06-01,20,18,13.0,112.0
SAN FRANCISCO BAY,2019-06-01,6,6,0.0,140.0
CENTRAL COAST,2019-06-01,10,9,33.7,135.0
SOUTH COAST,2019-06-01,14,12,64.9,136.0
SACRAMENTO RIVER,2019-06-01,41,39,36.4,133.0
SAN JOAQUIN RIVER,2019-06-01,25,25,20.8,128.0
TULARE LAKE,2019-06-01,29,28,154.4,140.0
NORTH LAHONTAN,2019-06-01,13,13,37.7,124.0
SOUTH LAHONTAN,2019-06-01,17,14,49.2,129.0
COLORADO RIVER,2019-06-01,6,6,0.0,109.0
NORTH COAST,2019-07-01,20,19,5.5,113.0
SAN FRANCISCO BAY,2019-07-01,6,6,0.0,140.0
CENTRAL COAST,2019-07-01,10,9,10.2,131.0
SOUTH COAST,2019-07-01,14,12,91.7,136.0
SACRAMENTO RIVER,2019-07-01,39,37,18.9,134.0
SAN JOAQUIN RIVER,2019-07-01,25,25,15.3,129.0
TULARE LAKE,2019-07-01,29,28,194.2,140.0
NORTH LAHONTAN,2019-07-01,13,12,45.7,126.0
SOUTH LAHONTAN,2019-07-01,17,14,49.3,131.0
COLORADO RIVER,2019-07-01,6,5,0.8,110.0
NORTH COAST,2019-08-01,20,19,90.3,114.0
SAN FRANCISCO BAY,2019-08-01,6,6,0.0,140.0
CENTRAL COAST,2019-08-01,10,9,0.3,131.0
SOUTH COAST,2019-08-01,14,12,0.0,136.0
SACRAMENTO RIVER,2019-08-01,39,37,30.5,134.0
SAN JOAQUIN RIVER,2019-08-01,25,25,0.9,129.0
TULARE LAKE,2019-08-01,29,28,10.2,140.0
NORTH LAHONTAN,2019-08-01,13,13,27.2,126.0
SOUTH LAHONTAN,2019-08-01,17,14,33.0,132.0
COLORADO RIVER,2019-08-01,6,5,1.7,110.0
NORTH COAST,2019-09-01,20,18,179.7,116.0
SAN FRANCISCO BAY,2019-09-01,6,6,44.1,140.0
CENTRAL COAST,2019-09-01,10,7,6.2,131.0
SOUTH COAST,2019-09-01,14,12,28.6,137.0
SACRAMENTO RIVER,2019-09-01,39,30,295.5,139.0
SAN JOAQUIN RIVER,2019-09-01,25,23,102.4,130.0
TULARE LAKE,2019-09-01,29,27,19.7,140.0
NORTH LAHONTAN,2019-09-01,13,9,206.2,132.0
SOUTH LAHONTAN,2019-09-01,17,12,23.0,138.0
COLORADO RIVER,2019-09-01,6,3,164.4,136.0
NORTH COAST,2019-10-01,20,19,27.6,2.0
SAN FRANCISCO BAY,2019-10-01,6,6,1.9,0.0
CENTRAL COAST,2019-10-01,10,6,0.0,0.0
SOUTH COAST,2019-10-01,14,12,0.0,0.0
SACRAMENTO RIVER,2019-10-01,38,29,4.5,0.0
SAN JOAQUIN RIVER,2019-10-01,25,22,1.8,0.0
TULARE LAKE,2019-10-01,29,28,10.7,0.0
NORTH LAHONTAN,2019-10-01,13,9,18.3,1.0
SOUTH LAHONTAN,2019-10-01,17,9,2.6,0.0
COLORADO RIVER,2019-10-01,6,2,0.0,0.0
NORTH COAST,2019-11-01,20,19,31.0,6.0
SAN FRANCISCO BAY,2019-11-01,6,5,63.5,8.0
CENTRAL COAST,2019-11-01,10,9,79.6,8.0
SOUTH COAST,2019-11-01,14,12,179.1,19.0
SACRAMENTO RIVER,2019-11-01,38,37,33.1,4.0
SAN JOAQUIN RIVER,2019-11-01,25,25,52.1,6.0
TULARE LAKE,2019-11-01,29,28,118.1,12.0
NORTH LAHONTAN,2019-11-01,13,11,36.4,5.0
SOUTH LAHONTAN,2019-11-01,17,14,107.1,10.0
COLORADO RIVER,2019-11-01,6,6,501.3,33.0
NORTH COAST,2019-12-01,20,20,99.1,24.0
SAN FRANCISCO BAY,2019-12-01,6,6,129.3,31.0
CENTRAL COAST,2019-12-01,10,8,196.7,43.0
SOUTH COAST,2019-12-01,12,11,183.4,48.0
SACRAMENTO RIVER,2019-12-01,37,36,127.3,26.0
SAN JOAQUIN RIVER,2019-12-01,25,23,156.9,33.0
TULARE LAKE,2019-12-01,29,29,104.0,30.0
NORTH LAHONTAN,2019-12-01,13,11,142.5,27.0
SOUTH LAHONTAN,2019-12-01,15,13,169.1,35.0
COLORADO RIVER,2019-12-01,6,6,156.4,53.0
NORTH COAST,2020-01-01,20,18,76.2,38.0
SAN FRANCISCO BAY,2020-01-01,6,5,35.2,39.0
CENTRAL COAST,2020-01-01,10,7,23.8,49.0
SOUTH COAST,2020-01-01,12,10,11.8,52.0
SACRAMENTO RIVER,2020-01-01,37,36,42.5,34.0
SAN JOAQUIN RIVER,2020-01-01,25,23,29.0,39.0
TULARE LAKE,2020-01-01,29,29,19.6,34.0
NORTH LAHONTAN,2020-01-01,13,12,35.8,34.0
SOUTH LAHONTAN,2020-01-01,15,12,26.6,39.0
COLORADO RIVER,2020-01-01,6,5,4.7,50.0
NORTH COAST,2020-02-01,20,20,4.2,39.0
SAN FRANCISCO BAY,2020-02-01,6,6,0.1,38.0
CENTRAL COAST,2020-02-01,10,9,0.8,48.0
SOUTH COAST,2020-02-01,12,10,11.1,54.0
SACRAMENTO RIVER,2020-02-01,37,37,0.9,35.0
SAN JOAQUIN RIVER,2020-02-01,25,25,2.7,39.0
TULARE LAKE,2020-02-01,29,29,8.1,35.0
NORTH LAHONTAN,2020-02-01,13,13,3.2,34.0
SOUTH LAHONTAN,2020-02-01,15,15,9.6,37.0
COLORADO RIVER,2020-02-01,6,6,26.0,57.0
NORTH COAST,2020-03-01,20,18,44.3,44.0
SAN FRANCISCO BAY,2020-03-01,6,6,61.3,46.0
CENTRAL COAST,2020-03-01,10,7,176.4,77.0
SOUTH COAST,2020-03-01,12,11,154.2,77.0
SACRAMENTO RIVER,2020-03-01,37,35,86.6,46.0
SAN JOAQUIN RIVER,2020-03-01,25,23,117.7,57.0
TULARE LAKE,2020-03-01,29,29,99.8,51.0
NORTH LAHONTAN,2020-03-01,13,12,115.9,46.0
SOUTH LAHONTAN,2020-03-01,15,14,207.3,64.0
COLORADO RIVER,2020-03-01,6,6,555.8,108.0
NORTH COAST,2020-04-01,20,20,55.2,48.0
SAN FRANCISCO BAY,2020-04-01,6,6,79.6,53.0
CENTRAL COAST,2020-04-01,10,9,150.5,82.0
SOUTH COAST,2020-04-01,12,11,291.4,101.0
SACRAMENTO RIVER,2020-04-01,37,37,80.9,52.0
SAN JOAQUIN RIVER,2020-04-01,25,25,118.3,67.0
TULARE LAKE,2020-04-01,29,29,172.1,69.0
NORTH LAHONTAN,2020-04-01,13,13,112.4,54.0
SOUTH LAHONTAN,2020-04-01,15,15,324.6,78.0
COLORADO RIVER,2020-04-01,6,6,444.3,121.0
NORTH COAST,2020-05-01,20,20,218.1,55.0
SAN FRANCISCO BAY,2020-05-01,6,6,223.0,58.0
CENTRAL COAST,2020-05-01,10,9,136.0,85.0
SOUTH COAST,2020-05-01,12,11,53.0,101.0
SACRAMENTO RIVER,2020-05-01,37,37,183.1,59.0
SAN JOAQUIN RIVER,2020-05-01,25,25,157.7,72.0
TULARE LAKE,2020-05-01,29,29,102.8,71.0
NORTH LAHONTAN,2020-05-01,13,13,100.9,59.0
SOUTH LAHONTAN,2020-05-01,15,15,39.1,78.0
COLORADO RIVER,2020-05-01,6,6,8.3,121.0
NORTH COAST,2020-06-01,20,20,50.7,57.0
SAN FRANCISCO BAY,2020-06-01,6,6,0.4,58.0
CENTRAL COAST,2020-06-01,10,9,8.9,85.0
SOUTH COAST,2020-06-01,12,11,78.0,102.0
SACRAMENTO RIVER,2020-06-01,37,37,29.7,60.0
SAN JOAQUIN RIVER,2020-06-01,25,25,16.7,73.0
TULARE LAKE,2020-06-01,29,29,46.0,72.0
NORTH LAHONTAN,2020-06-01,13,12,86.4,61.0
SOUTH LAHONTAN,2020-06-01,15,15,87.4,80.0
COLORADO RIVER,2020-06-01,6,6,8.3,121.0
NORTH COAST,2020-07-01,20,20,15.2,57.0
SAN FRANCISCO BAY,2020-07-01,6,6,3.2,58.0
CENTRAL COAST,2020-07-01,10,9,7.4,85.0
SOUTH COAST,2020-07-01,12,11,0.2,102.0
SACRAMENTO RIVER,2020-07-01,37,37,28.2,60.0
SAN JOAQUIN RIVER,2020-07-01,25,25,7.8,73.0
TULARE LAKE,2020-07-01,29,29,67.9,72.0
NORTH LAHONTAN,2020-07-01,13,13,67.7,64.0
SOUTH LAHONTAN,2020-07-01,15,15,4.9,80.0
COLORADO RIVER,2020-07-01,6,6,0.3,121.0
NORTH COAST,2020-08-01,20,20,18.9,53.0
SAN FRANCISCO BAY,2020-08-01,6,6,83.8,58.0
CENTRAL COAST,2020-08-01,10,9,21.1,81.0
SOUTH COAST,2020-08-01,12,11,4.9,75.0
SACRAMENTO RIVER,2020-08-01,37,37,23.8,58.0
SAN JOAQUIN RIVER,2020-08-01,25,25,12.8,69.0
TULARE LAKE,2020-08-01,29,29,31.7,68.0
NORTH LAHONTAN,2020-08-01,13,13,39.6,65.0
SOUTH LAHONTAN,2020-08-01,15,15,42.2,162.0
COLORADO RIVER,2020-08-01,6,6,3.9,160.0
NORTH COAST,2020-09-01,20,20,29.2,53.0
SAN FRANCISCO BAY,2020-09-01,6,6,0.0,58.0
CENTRAL COAST,2020-09-01,10,9,0.0,81.0
SOUTH COAST,2020-09-01,12,11,1.5,75.0
SACRAMENTO RIVER,2020-09-01,37,37,3.6,58.0
SAN JOAQUIN RIVER,2020-09-01,25,25,3.1,69.0
TULARE LAKE,2020-09-01,29,29,4.2,68.0
NORTH LAHONTAN,2020-09-01,13,13,12.0,65.0
SOUTH LAHONTAN,2020-09-01,15,15,1.3,162.0
COLORADO RIVER,2020-09-01,6,6,0.0,160.0
NORTH COAST,2020-10-01,20,20,10.2,1.0
SAN FRANCISCO BAY,2020-10-01,6,6,0.0,0.0
CENTRAL COAST,2020-10-01,10,9,0.5,0.0
SOUTH COAST,2020-10-01,11,11,10.5,0.0
SACRAMENTO RIVER,2020-10-01,37,37,0.3,0.0
SAN JOAQUIN RIVER,2020-10-01,25,25,0.3,0.0
TULARE LAKE,2020-10-01,29,29,0.5,0.0
NORTH LAHONTAN,2020-10-01,13,13,1.4,0.0
SOUTH LAHONTAN,2020-10-01,15,15,0.6,0.0
COLORADO RIVER,2020-10-01,6,6,0.5,0.0
NORTH COAST,2020-11-01,20,20,46.7,7.0
SAN FRANCISCO BAY,2020-11-01,6,6,35.1,4.0
CENTRAL COAST,2020-11-01,10,9,28.3,3.0
SOUTH COAST,2020-11-01,11,11,29.6,3.0
SACRAMENTO RIVER,2020-11-01,37,37,49.5,6.0
SAN JOAQUIN RIVER,2020-11-01,25,25,37.7,4.0
TULARE LAKE,2020-11-01,29,29,31.1,3.0
NORTH LAHONTAN,2020-11-01,13,13,72.6,9.0
SOUTH LAHONTAN,2020-11-01,15,15,12.0,1.0
COLORADO RIVER,2020-11-01,6,6,7.5,1.0
NORTH COAST,2020-12-01,20,20,56.1,18.0
SAN FRANCISCO BAY,2020-12-01,6,6,44.2,13.0
CENTRAL COAST,2020-12-01,10,9,41.6,10.0
SOUTH COAST,2020-12-01,11,11,50.8,11.0
SACRAMENTO RIVER,2020-12-01,37,37,46.8,14.0
SAN JOAQUIN RIVER,2020-12-01,25,25,51.0,13.0
TULARE LAKE,2020-12-01,29,29,37.0,9.0
NORTH LAHONTAN,2020-12-01,13,13,53.1,17.0
SOUTH LAHONTAN,2020-12-01,15,15,46.9,8.0
COLORADO RIVER,2020-12-01,6,6,20.3,3.0
NORTH COAST,2021-01-01,20,20,80.4,32.0
SAN FRANCISCO BAY,2021-01-01,6,6,76.7,29.0
CENTRAL COAST,2021-01-01,10,9,147.7,42.0
SOUTH COAST,2021-01-01,11,11,76.7,26.0
SACRAMENTO RIVER,2021-01-01,37,37,69.0,27.0
SAN JOAQUIN RIVER,2021-01-01,25,25,120.7,35.0
TULARE LAKE,2021-01-01,29,29,83.8,25.0
NORTH LAHONTAN,2021-01-01,13,13,75.9,30.0
SOUTH LAHONTAN,2021-01-01,15,15,83.2,21.0
COLORADO RIVER,2021-01-01,6,6,100.5,17.0
NORTH COAST,2021-02-01,20,20,74.6,43.0
SAN FRANCISCO BAY,2021-02-01,6,6,34.3,35.0
CENTRAL COAST,2021-02-01,10,9,15.0,44.0
SOUTH COAST,2021-02-01,11,11,6.2,27.0
SACRAMENTO RIVER,2021-02-01,37,37,52.6,36.0
SAN JOAQUIN RIVER,2021-02-01,25,25,38.5,42.0
TULARE LAKE,2021-02-01,29,29,22.2,29.0
NORTH LAHONTAN,2021-02-01,13,13,49.0,37.0
SOUTH LAHONTAN,2021-02-01,15,15,18.2,24.0
COLORADO RIVER,2021-02-01,6,6,11.7,18.0
NORTH COAST,2021-03-01,20,20,55.6,50.0
SAN FRANCISCO BAY,2021-03-01,6,6,55.7,42.0
CENTRAL COAST,2021-03-01,10,9,56.1,52.0
SOUTH COAST,2021-03-01,11,11,61.7,38.0
SACRAMENTO RIVER,2021-03-01,37,37,59.4,44.0
SAN JOAQUIN RIVER,2021-03-01,25,25,62.7,51.0
TULARE LAKE,2021-03-01,29,29,56.1,38.0
NORTH LAHONTAN,2021-03-01,13,13,54.0,43.0
SOUTH LAHONTAN,2021-03-01,15,15,29.4,28.0
COLORADO RIVER,2021-03-01,6,6,26.7,20.0
NORTH COAST,2021-04-01,20,20,20.1,51.0
SAN FRANCISCO BAY,2021-04-01,6,6,4.2,42.0
CENTRAL COAST,2021-04-01,10,9,3.1,53.0
SOUTH COAST,2021-04-01,11,11,8.1,39.0
SACRAMENTO RIVER,2021-04-01,37,37,17.7,45.0
SAN JOAQUIN RIVER,2021-04-01,25,25,14.4,52.0
TULARE LAKE,2021-04-01,29,29,12.1,39.0
NORTH LAHONTAN,2021-04-01,13,13,39.6,45.0
SOUTH LAHONTAN,2021-04-01,15,15,7.9,28.0
COLORADO RIVER,2021-04-01,6,6,1.5,21.0
NORTH COAST,2021-05-01,20,20,10.3,51.0
SAN FRANCISCO BAY,2021-05-01,6,6,2.2,42.0
CENTRAL COAST,2021-05-01,10,9,7.4,53.0
SOUTH COAST,2021-05-01,11,11,19.7,39.0
SACRAMENTO RIVER,2021-05-01,37,37,15.2,46.0
SAN JOAQUIN RIVER,2021-05-01,25,25,10.9,52.0
TULARE LAKE,2021-05-01,29,29,5.5,39.0
NORTH LAHONTAN,2021-05-01,13,13,51.2,48.0
SOUTH LAHONTAN,2021-05-01,15,15,8.6,28.0
COLORADO RIVER,2021-05-01,6,6,2.1,21.0
NORTH COAST,2021-06-01,20,20,68.8,53.0
SAN FRANCISCO BAY,2021-06-01,6,6,1.2,42.0
CENTRAL COAST,2021-06-01,10,9,1.8,53.0
SOUTH COAST,2021-06-01,11,11,22.5,39.0
SACRAMENTO RIVER,2021-06-01,37,37,13.1,46.0
SAN JOAQUIN RIVER,2021-06-01,25,25,10.7,53.0
TULARE LAKE,2021-06-01,29,29,28.7,39.0
NORTH LAHONTAN,2021-06-01,13,13,18.2,49.0
SOUTH LAHONTAN,2021-06-01,15,15,35.6,29.0
COLORADO RIVER,2021-06-01,6,6,15.6,21.0
